issue,titre,url,type,scope,priorite,milestone,resume,etat_code,confiance_etat,preuve_locale,score_detection,premier_commit,date_premier_commit,sujet_premier_commit,confiance_premier_commit,dernier_commit,date_dernier_commit,sujet_dernier_commit,confiance_dernier_commit,prochaine_action
200,[ADMIN-05b] Infrastructure — SSL Certbot Let's Encrypt (Production),https://github.com/Ken-Andre/bicec-veripass/issues/200,Task,"infrastructure, demo",,M6 - Analytics & Demo,Infrastructure — SSL Certbot Let's Encrypt (Production): Ajouter un service certbot dans docker-compose.yml; Volume partagé certbot_www pour le challenge HTTP-01,Non terminé localement,moyenne,"`docker-compose.yml` dans `code/scripts/test-backup-docker-images.sh`; `nginx.conf` dans `code/backoffice/nginx.conf`; `entrypoint.sh` dans `code/backend/entrypoint.sh`; fichiers proches: `code/docker-compose.yml`, `code/scripts/test-backup-docker-images.sh`, `code/backoffice/nginx.conf`",40,a8092ff091dc,2026-03-14,feat(infra): Nginx reverse proxy + TLS 1.3 + Security Headers,"haute: docker-compose.yml, nginx.conf, docker-compose",18c7e0100c73,2026-06-06,fix: harden banking access controls and licensing,"haute: docker-compose.yml, nginx.conf, docker-compose",Garder pour post-soutenance/production sauf besoin infra réel.
193,[ADDRESS-07] DB — Migration Address/NIU/Consent,https://github.com/Ken-Andre/bicec-veripass/issues/193,Task,"database, address",high,M4 - Back-Office MVP,DB — Migration Address/NIU/Consent: Migration 011_address_niu : colonnes address/niu dans kyc_sessions + table consents; Index sur niu_number,Terminé probable,haute,"`011_address_niu` dans `code/backend/alembic/versions/016_drop_orphan_consents_table.py`; `kyc_sessions` dans `code/scripts/seed_kyc_compliance_visual_demo.py`; `consents` dans `code/mobile/src/views/kyc/ConsentScreen.tsx`; fichiers proches: `code/scripts/seed_kyc_compliance_visual_demo.py`, `code/mobile/src/views/kyc/ConsentScreen.tsx`, `code/backend/alembic/versions/016_drop_orphan_consents_table.py`",30,68b8a083be16,2026-03-21,feat(db): add ADDRESS/AML/DWH Alembic migrations (#193 #136 #148),"haute: référence issue #193, 011_address_niu, address",b01dff6fe16c,2026-04-09,fix: resolve ruff linting errors,"haute: 011_address_niu, consents",Utiliser les commits candidats pour dater le jalon; validation manuelle recommandée.
192,[ADDRESS-06] Frontend — Final Consent checkboxes and Summary,https://github.com/Ken-Andre/bicec-veripass/issues/192,Task,"frontend, address",critical,M4 - Back-Office MVP,"Frontend — Final Consent checkboxes and Summary: Écran récapitulatif avant soumission; Checkboxes pour : (1) Exactitude des infos, (2) Partage avec BICEC, (3) CGU",Partiellement terminé,faible,"fichiers proches: `docs/BICEC-VERIPASS-VUE-ENSEMBLE.md`, `CHANGELOG.md`, `docs/demo-scenario-mvp-2026-05-20.md`",11,,,,,,,,,Planifier le reste à faire ou expliciter le périmètre réellement livré.
191,[ADDRESS-05] Backend — Consent storage and Timestamping,https://github.com/Ken-Andre/bicec-veripass/issues/191,Task,"backend, security, address",high,M4 - Back-Office MVP,"Backend — Consent storage and Timestamping: Table consents : session_id, consent_type (MARKETING, TERMS, DATA_USAGE), granted (bool), timestamp, ip_address; Endpoint POST /kyc/session/consent : atomique (plusieurs à la fois)",Terminé probable,haute,"`consents` dans `code/mobile/src/views/kyc/ConsentScreen.tsx`; `session_id` dans `code/scripts/seed_kyc_compliance_visual_demo.py`; `ip_address` dans `code/backend/tests/test_kyc_auth_and_atms.py`; fichiers proches: `code/mobile/src/views/kyc/ConsentScreen.tsx`, `code/scripts/seed_kyc_compliance_visual_demo.py`, `code/backend/tests/test_kyc_auth_and_atms.py`",24,2c162726da87,2026-04-25,"feat(mobile): update existing KYC screens - address, CNI capture, consent, intro, liveness, NIUs, OCR review and review","moyenne/faible: consents, consent",5d9328290f72,2026-06-06,feat: add versioned legal document consent,"moyenne/faible: consents, consent",Utiliser les commits candidats pour dater le jalon; validation manuelle recommandée.
190,[ADDRESS-04] Frontend — NIU Input and Validation,https://github.com/Ken-Andre/bicec-veripass/issues/190,Task,"frontend, address",medium,M4 - Back-Office MVP,Frontend — NIU Input and Validation: Input masqué (masking) pour NIU; Validation temps réel (14 caractères alphanumériques),Trace faible / à vérifier,faible,"fichiers proches: `paddleocr_test/notebooks/03_ocr_accuracy_dashboard.py`, `code/mobile/AGENTS.md`, `code/backend/app/core/logging.py`",8,,,,,,,,,Vérifier manuellement les fichiers détectés avant de dater le jalon.
189,[ADDRESS-03] Backend — NIU Declarative verification,https://github.com/Ken-Andre/bicec-veripass/issues/189,Task,"backend, address",high,M4 - Back-Office MVP,"Backend — NIU Declarative verification: Champ niu_number dans KYCSession (String, 14 chars); Validation algorithmique NIU (Luhn ou format spécifique Cameroun si connu)",Terminé probable,moyenne,"`niu_number` dans `code/scripts/seed_kyc_compliance_visual_demo.py`; `KYCSession` dans `code/scripts/seed_kyc_compliance_visual_demo.py`; fichiers proches: `code/scripts/seed_kyc_compliance_visual_demo.py`, `code/parse_project.py`, `paddleocr_test/notebooks/ocr_utils.py`",21,,,,,,,,,Utiliser les commits candidats pour dater le jalon; validation manuelle recommandée.
188,[ADDRESS-02] Backend — Address \u0026 GPS Persistence,https://github.com/Ken-Andre/bicec-veripass/issues/188,Task,"backend, address",high,M4 - Back-Office MVP,"Backend — Address \u0026 GPS Persistence: Extension modèle KYCSession : address_text, gps_lat, gps_lng; Endpoint PATCH /kyc/session/address",Terminé probable,haute,"`KYCSession` dans `code/scripts/seed_kyc_compliance_visual_demo.py`; `address_text` dans `code/backend/tests/unit/test_ocr_cni_postprocessing.py`; `gps_lat` dans `code/scripts/run_kyc_happy_path_acceptance.py`; fichiers proches: `code/scripts/run_kyc_happy_path_acceptance.py`, `code/scripts/seed_kyc_compliance_visual_demo.py`, `code/backend/tests/unit/test_ocr_cni_postprocessing.py`",30,,,,,,,,,Utiliser les commits candidats pour dater le jalon; validation manuelle recommandée.
187,[ADDRESS-01] Frontend — Address Step and Map Picker,https://github.com/Ken-Andre/bicec-veripass/issues/187,Task,"frontend, address",high,M4 - Back-Office MVP,"Frontend — Address Step and Map Picker: Écran AddressStep : champ texte ""Quartier / Ville""; Intégration Leaflet ou Google Maps (via API key .env) pour sélecteur de point GPS",Partiellement terminé,faible,"fichiers proches: `CHANGELOG.md`, `paddleocr_test/notebooks/02_synthetic_cni_generation.py`, `paddleocr_test/notebooks/05_pdf_image_converter.py`",10,,,,,,,,,Planifier le reste à faire ou expliciter le périmètre réellement livré.
186,[DISCOVERY-03] Frontend — Appointment booking shell view,https://github.com/Ken-Andre/bicec-veripass/issues/186,Task,frontend,low,,Frontend — Appointment booking shell view: Calendrier visuel (React Day Picker); Sélection agence la plus proche (liste statique),Trace faible / à vérifier,faible,"fichiers proches: `CHANGELOG.md`, `code/mobile/src/hooks/use-service-worker.ts`, `paddleocr_test/notebooks/02_synthetic_cni_generation.py`",9,,,,,,,,,Vérifier manuellement les fichiers détectés avant de dater le jalon.
185,[DISCOVERY-02] Frontend — Loan simulator view,https://github.com/Ken-Andre/bicec-veripass/issues/185,Task,frontend,low,,"Frontend — Loan simulator view: Entrées : montant, durée, type de crédit; Sortie : mensualité estimée, coût du crédit",Trace faible / à vérifier,faible,"fichiers proches: `paddleocr_test/test_kyc.py`, `code/backoffice/src/pages/compliance/AmlListsPage.tsx`, `paddleocr_test/notebooks/04_eneo_sanctions_exploration.py`",8,,,,,,,,,Vérifier manuellement les fichiers détectés avant de dater le jalon.
184,[DISCOVERY-01] Frontend — Banking offerings explorer,https://github.com/Ken-Andre/bicec-veripass/issues/184,Task,frontend,low,,"Frontend — Banking offerings explorer: Écran ""Découvrez nos offres"" après soumission KYC; Carousel de cartes produit (Compte Jeune, Pack Epargne, Crédit Scolaire)",Trace faible / à vérifier,faible,"fichiers proches: `CHANGELOG.md`, `code/test_celery.py`, `code/mobile/src/views/kyc/LivenessIntroScreen.tsx`",9,,,,,,,,,Vérifier manuellement les fichiers détectés avant de dater le jalon.
182,[ADMIN-09] Frontend — Sentry integration pour error reporting,https://github.com/Ken-Andre/bicec-veripass/issues/182,Task,"frontend, analytics, monitoring",low,M2 - Capture MVP,"Frontend — Sentry integration pour error reporting: [x] Initialisation @sentry/react dans index.tsx; [ ] Capturer exceptions métier (ocr_failure, match_error)",Terminé probable,haute,"`@sentry/react` dans `code/scripts/audit_sentry_issues.py`; `index.tsx` dans `code/backoffice/src/pages/Index.tsx`; `ocr_failure` dans `code/mobile/src/views/kyc/OcrReviewScreen.tsx`; fichiers proches: `code/mobile/src/views/kyc/OcrReviewScreen.tsx`, `CHANGELOG.md`, `code/scripts/audit_sentry_issues.py`",33,2f61209b2a55,2026-03-20,"[INFRA] Setup Frontend Monitoring and Backend Security (#182, #174)",haute: référence issue #182,2f61209b2a55,2026-03-20,"[INFRA] Setup Frontend Monitoring and Backend Security (#182, #174)",haute: référence issue #182,Utiliser les commits candidats pour dater le jalon; validation manuelle recommandée.
179,[ADMIN-06] Monitoring — Grafana Performance Dashboard,https://github.com/Ken-Andre/bicec-veripass/issues/179,Task,"infrastructure, analytics, monitoring",low,M6 - Analytics & Demo,"Monitoring — Grafana Performance Dashboard: Dashboard Grafana : CPU/RAM usage, throughput Prometheus, latences OCR, liveness failure rates; Alerting : notifier si error rate > 5% pendant 1 min",Partiellement terminé,moyenne,"fichiers proches: `CHANGELOG.md`, `code/scripts/MONITORING.md`, `paddleocr_test/notebooks/ocr_utils.py`",11,,,,,,,,,Planifier le reste à faire ou expliciter le périmètre réellement livré.
177,[ADMIN-04] Monitoring — /metrics Prometheus endpoint,https://github.com/Ken-Andre/bicec-veripass/issues/177,Task,"backend, analytics, monitoring",medium,M6 - Analytics & Demo,Monitoring — /metrics Prometheus endpoint: Ajouter prometheus-fastapi-instrumentator dans requirements; Exposer GET /metrics (accès restreint IP locale uniquement),Terminé probable,haute,"`/metrics` dans `code/scripts/MONITORING.md`; fichiers proches: `code/scripts/MONITORING.md`, `CHANGELOG.md`, `code/backend/tests/test_kyc_auth_and_atms.py`",16,,,,,,,,,Utiliser les commits candidats pour dater le jalon; validation manuelle recommandée.
173,[DEMO-09] Rapport PFE — Résumé Exécutif & Abstract,https://github.com/Ken-Andre/bicec-veripass/issues/173,Task,"documentation, demo",high,,"Rapport PFE — Résumé Exécutif & Abstract: Abstract (1 page, anglais) : contexte BICEC, problème, solution, résultats clés, technologies; Résumé exécutif (2 pages, français) : pour direction BICEC non-technique",Partiellement terminé,faible,"`pfe` dans `code/README.md`; fichiers proches: `code/README.md`, `docs/BICEC-VERIPASS-VUE-ENSEMBLE.md`, `docs/index.md`",17,,,,,,,,,Planifier le reste à faire ou expliciter le périmètre réellement livré.
172,[DEMO-08] Pre-commit Hooks + Code Quality finale,https://github.com/Ken-Andre/bicec-veripass/issues/172,Task,"backend, frontend, infrastructure, aml, demo",medium,,"Pre-commit Hooks + Code Quality finale: Configurer .pre-commit-config.yaml : black, isort, ruff, mypy (backend), eslint (frontend); pre-commit run --all-files → zéro warning",Trace faible / à vérifier,faible,"fichiers proches: `CHANGELOG.md`, `code/mobile/src/views/settings/DeleteAccountScreen.tsx`, `code/scripts/test-backup-restore.sh`",9,28917a4c2296,2026-03-21,"security: enhance OTP, email, and security configurations","haute: .pre-commit-config.yaml, pre-commit-config.yaml, pre-commit",ae76d9a730af,2026-05-22,"ci: pin ruff version, add STORAGE/MODELS paths; add pre-commit hooks","haute: .pre-commit-config.yaml, pre-commit-config.yaml, pre-commit",Vérifier manuellement les fichiers détectés avant de dater le jalon.
171,[DEMO-07] Vidéo démo — Enregistrement backup,https://github.com/Ken-Andre/bicec-veripass/issues/171,Task,demo,medium,,Vidéo démo — Enregistrement backup: Enregistrer une vidéo de la démo complète (OBS ou loom); Durée : 10-12 minutes — parcours complet avec narration,Partiellement terminé,faible,"fichiers proches: `docs/Fonctionnalité_Interaction_Erreurs.md`, `CHANGELOG.md`, `docs/index.md`",11,,,,,,,,,Planifier le reste à faire ou expliciter le périmètre réellement livré.
170,[DEMO-06] Architecture Diagrams — Mise à jour finale,https://github.com/Ken-Andre/bicec-veripass/issues/170,Task,"documentation, demo",medium,,Architecture Diagrams — Mise à jour finale: Mettre à jour diagramme C4 Level 1 (System Context) si changements; Mettre à jour diagramme C4 Level 2 (Containers) avec tous les services réels,Partiellement terminé,faible,"fichiers proches: `CHANGELOG.md`, `docs/BICEC-VERIPASS-VUE-ENSEMBLE.md`, `docs/index.md`",13,,,,,,,,,Planifier le reste à faire ou expliciter le périmètre réellement livré.
169,[DEMO-05] ADRs finaux — Review et complétion,https://github.com/Ken-Andre/bicec-veripass/issues/169,Task,"documentation, demo",medium,,"ADRs finaux — Review et complétion: Vérifier cohérence ADR-001 à ADR-012 avec code final livré; Créer ADR-013 : ""Stratégie de test E2E — Playwright vs Cypress""",Partiellement terminé,faible,"fichiers proches: `CHANGELOG.md`, `docs/index.md`, `docs/adr/ADR-017-gestion-dynamique-gab-admin.md`",9,,,,,,,,,Planifier le reste à faire ou expliciter le périmètre réellement livré.
168,[DEMO-04] QR Code — Accès PWA depuis mobile physique,https://github.com/Ken-Andre/bicec-veripass/issues/168,Task,"mobile, infrastructure, demo",high,M6 - Analytics & Demo,QR Code — Accès PWA depuis mobile physique: Configurer IP locale dans .env : PWA_PUBLIC_URL=; Générer QR code pointant vers l'IP locale,Terminé probable,haute,"`.env` dans `code/scripts/test-backup-restore.sh`; fichiers proches: `code/scripts/test-backup-restore.sh`, `CHANGELOG.md`, `code/backoffice/src/pages/UnauthorizedPage.tsx`",16,e72448729475,2026-06-01,"feat(backend): KYC route & service refinements, config, test updates, uv.lock, .env.example",moyenne/faible: .env,e72448729475,2026-06-01,"feat(backend): KYC route & service refinements, config, test updates, uv.lock, .env.example",moyenne/faible: .env,Utiliser les commits candidats pour dater le jalon; validation manuelle recommandée.
167,[DEMO-03] Script de démo — Walkthrough 10 minutes,https://github.com/Ken-Andre/bicec-veripass/issues/167,Task,"documentation, aml, demo",critical,M6 - Analytics & Demo,"Script de démo — Walkthrough 10 minutes: Rédiger docs/demo-script.md : script ligne par ligne (narrateur + actions écran); Durée cible : 10 minutes pour jury, 5 minutes version courte",Partiellement terminé,faible,"fichiers proches: `docs/BICEC-VERIPASS-VUE-ENSEMBLE.md`, `docs/demo-scenario-mvp-2026-05-20.md`, `docs/rapport-stage/build_stage_report.py`",10,,,,,,,,,Planifier le reste à faire ou expliciter le périmètre réellement livré.
166,[DEMO-02] Docker Compose — Package démo portable,https://github.com/Ken-Andre/bicec-veripass/issues/166,Task,"infrastructure, demo",critical,M6 - Analytics & Demo,Docker Compose — Package démo portable: docker compose build --no-cache → vérifier toutes les images buildent sans erreur; docker compose up + seed demo data → vérifier les 5 profils chargés,Terminé probable,haute,"`docker compose up` dans `code/scripts/test-backup-restore.sh`; `.tar.gz` dans `code/scripts/test-backup-docker-images.sh`; fichiers proches: `code/scripts/test-backup-restore.sh`, `code/scripts/test-backup-docker-images.sh`, `CHANGELOG.md`",21,,,,,,,,,Utiliser les commits candidats pour dater le jalon; validation manuelle recommandée.
165,[DEMO-01] Rapport PFE — Sections techniques finales,https://github.com/Ken-Andre/bicec-veripass/issues/165,Task,"mobile, documentation, demo",critical,M6 - Analytics & Demo,"Rapport PFE — Sections techniques finales: Section Contribution Data/IA : résultats OCR observability, benchmarks modèles, courbes FER; Section Architecture : C4 diagrams, ADRs justifiés",Partiellement terminé,faible,"`pfe` dans `code/README.md`; fichiers proches: `code/README.md`, `docs/BICEC-VERIPASS-VUE-ENSEMBLE.md`, `CHANGELOG.md`",17,,,,,,,,,Planifier le reste à faire ou expliciter le périmètre réellement livré.
164,[SECURITY-01] Checklist Sécurité Finale \u0026 Hardening,https://github.com/Ken-Andre/bicec-veripass/issues/164,Task,"backend, security, infrastructure",high,M6 - Analytics & Demo,"Checklist Sécurité Finale \u0026 Hardening: Vérifier tous les endpoints requièrent authentification (sauf /health, /auth/otp/*, /legal/*); Vérifier aucun secret dans le code (git grep SECRET_KEY\|password\|API_KEY — aucun résultat hardcodé)",Terminé probable,haute,"`/health` dans `CHANGELOG.md`; `echo=False` dans `code/backend/tests/conftest.py`; `core/config.py` dans `code/backend/app/core/config.py`; fichiers proches: `CHANGELOG.md`, `code/backend/tests/conftest.py`, `code/backend/app/core/config.py`",25,d6dfe3655ddb,2026-03-13,ci: consolidate CI/lint fixes without hardcoded secret,"moyenne/faible: core/config.py, secret",4c92c9b99c47,2026-03-15,refactor: update health endpoint path and enhance nginx TLS configuration,"moyenne/faible: /health, health",Utiliser les commits candidats pour dater le jalon; validation manuelle recommandée.
163,[TEST-11] Tests Unitaires — Services AI Mocks,https://github.com/Ken-Andre/bicec-veripass/issues/163,Task,"testing, ai-engine",high,M6 - Analytics & Demo,Tests Unitaires — Services AI Mocks: Mock PaddleOCRService : retourner résultats prédéfinis sans charger les modèles ONNX; Mock GLMOCRService : simuler réponse JSON after 2s delay,Terminé probable,haute,"`pytest.monkeypatch` dans `code/backend/tests/test_sms_dev_local.py`; fichiers proches: `code/backend/tests/test_sms_dev_local.py`, `CHANGELOG.md`, `code/backend/tests/unit/test_document_storage.py`",16,,,,,,,,,Utiliser les commits candidats pour dater le jalon; validation manuelle recommandée.
162,[TEST-10] Golden Dataset — Données de démo préparées,https://github.com/Ken-Andre/bicec-veripass/issues/162,Task,"testing, aml, demo",critical,M6 - Analytics & Demo,"Golden Dataset — Données de démo préparées: Script scripts/seed_demo.py : créer 5 profils utilisateurs complets; Profil 1 ""Happy Path"" : Marie Mballa — score 0.92, approuvée, accès FULL",Partiellement terminé,moyenne,"fichiers proches: `code/backend/app/routers/demo.py`, `CHANGELOG.md`, `code/scripts/run_kyc_happy_path_acceptance.py`",10,,,,,,,,,Planifier le reste à faire ou expliciter le périmètre réellement livré.
161,[TEST-09] Tests de charge — 5 sessions simultanées,https://github.com/Ken-Andre/bicec-veripass/issues/161,Task,testing,medium,M6 - Analytics & Demo,Tests de charge — 5 sessions simultanées: Utiliser Locust ou k6 pour simuler 5 utilisateurs concurrents; Scénario : 5 uploads CNI simultanés → 5 pipelines OCR → 5 pipelines biométrie,Trace faible / à vérifier,faible,"fichiers proches: `code/backoffice/src/services/mock-data.ts`, `code/scripts/README.md`, `code/test_celery.py`",9,,,,,,,,,Vérifier manuellement les fichiers détectés avant de dater le jalon.
160,[TEST-08] Performance Benchmark — Hardware cible,https://github.com/Ken-Andre/bicec-veripass/issues/160,Task,testing,high,M6 - Analytics & Demo,"Performance Benchmark — Hardware cible: Scénario de charge : 5 sessions simultanées (5 tabs Chrome); Mesurer : temps OCR PaddleOCR (target < 5s), temps GLM-OCR (target < 30s), temps liveness (target < 10s), temps face match (target < 15s)",Trace faible / à vérifier,faible,"fichiers proches: `code/backoffice/src/services/mock-data.ts`, `CHANGELOG.md`, `code/scripts/MONITORING.md`",9,,,,,,,,,Vérifier manuellement les fichiers détectés avant de dater le jalon.
159,[TEST-07] CI/CD — GitHub Actions Pipeline,https://github.com/Ken-Andre/bicec-veripass/issues/159,Task,infrastructure,high,M6 - Analytics & Demo,"CI/CD — GitHub Actions Pipeline: Workflow ci.yml : sur chaque push → ruff, black, isort, pytest --cov=app; Workflow docker-build.yml : sur push develop → build images Docker (sans push)",Terminé probable,haute,"`ruff` dans `CHANGELOG.md`; `black` dans `code/backoffice/src/services/sentry.ts`; `pytest --cov=app` dans `code/README.md`; fichiers proches: `CHANGELOG.md`, `code/README.md`, `code/backoffice/src/services/sentry.ts`",26,ae76d9a730af,2026-05-22,"ci: pin ruff version, add STORAGE/MODELS paths; add pre-commit hooks","haute: ci.yml, ruff, github",ae76d9a730af,2026-05-22,"ci: pin ruff version, add STORAGE/MODELS paths; add pre-commit hooks","haute: ci.yml, ruff, github",Utiliser les commits candidats pour dater le jalon; validation manuelle recommandée.
158,[TEST-06] Tests sécurité — RBAC & JWT tampering,https://github.com/Ken-Andre/bicec-veripass/issues/158,Task,"backoffice, security, testing",high,M6 - Analytics & Demo,Tests sécurité — RBAC & JWT tampering: Test : JWT d'un CLIENT tente d'accéder à /backoffice/queue → 403; Test : JWT expiré → 401,Terminé probable,haute,"`/backoffice/queue` dans `code/scripts/run_kyc_happy_path_acceptance.py`; fichiers proches: `code/scripts/run_kyc_happy_path_acceptance.py`, `CHANGELOG.md`, `code/scripts/README.md`",16,c192475c330d,2026-03-20,"feat(backend): Pagination globale des endpoints liste (#181) - Ajout de app/core/pagination.py : helper universel PageParams, PageResponse, paginate() - GET /backoffice/queue : dossiers KYC PENDING/SUBMITTED paginés (priorité + date) - GET /backoffice/audit-logs : logs d'audit paginés (plus récent d'abord) - GET /admin/users : liste utilisateurs paginée (plus récent d'abord) - Réponse unifiée : {items, total, page, pages, limit} sur tous les endpoints - Fix SQLAlchemy mapper init via import app.db.base dans les nouveaux routers - Testé en live sur le serveur Docker (200 OK sur les 3 endpoints)","haute: /backoffice/queue, backoffice, queue",c192475c330d,2026-03-20,"feat(backend): Pagination globale des endpoints liste (#181) - Ajout de app/core/pagination.py : helper universel PageParams, PageResponse, paginate() - GET /backoffice/queue : dossiers KYC PENDING/SUBMITTED paginés (priorité + date) - GET /backoffice/audit-logs : logs d'audit paginés (plus récent d'abord) - GET /admin/users : liste utilisateurs paginée (plus récent d'abord) - Réponse unifiée : {items, total, page, pages, limit} sur tous les endpoints - Fix SQLAlchemy mapper init via import app.db.base dans les nouveaux routers - Testé en live sur le serveur Docker (200 OK sur les 3 endpoints)","haute: /backoffice/queue, backoffice, queue",Utiliser les commits candidats pour dater le jalon; validation manuelle recommandée.
157,[TEST-05] Tests E2E Playwright — Jean approve flow complet,https://github.com/Ken-Andre/bicec-veripass/issues/157,Task,"backoffice, testing",high,M6 - Analytics & Demo,Tests E2E Playwright — Jean approve flow complet: Login Jean → Queue View → Prendre en charge → Evidence Viewer → Approve; Vérifier transition status → COMPLIANCE_REVIEW,Terminé probable,haute,"`DOSSIER_APPROVED` dans `code/mobile/src/views/dashboard/NotificationsScreen.tsx`; `e2e` dans `CHANGELOG.md`; fichiers proches: `CHANGELOG.md`, `code/mobile/src/views/dashboard/NotificationsScreen.tsx`, `code/scripts/run_kyc_happy_path_acceptance.py`",23,d278a44d1aa4,2026-05-22,"feat(backoffice): add evidence viewer, session warning, auth context & e2e tests","haute: e2e, playwright, evidence",d278a44d1aa4,2026-05-22,"feat(backoffice): add evidence viewer, session warning, auth context & e2e tests","haute: e2e, playwright, evidence",Utiliser les commits candidats pour dater le jalon; validation manuelle recommandée.
156,[TEST-04] Tests E2E Playwright — 3 strikes liveness lockout,https://github.com/Ken-Andre/bicec-veripass/issues/156,Task,testing,high,M6 - Analytics & Demo,Tests E2E Playwright — 3 strikes liveness lockout: Simuler 3 échecs liveness en série (mock MiniFASNet → score < threshold); Vérifier écran lockout affiché après 3e échec,Terminé probable,haute,"`e2e` dans `CHANGELOG.md`; `biometrics` dans `code/backoffice/src/types/kyc.ts`; `kyc_sessions` dans `code/scripts/seed_kyc_compliance_visual_demo.py`; fichiers proches: `CHANGELOG.md`, `code/backoffice/src/types/kyc.ts`, `code/scripts/seed_kyc_compliance_visual_demo.py`",26,f1eefc491789,2026-04-27,feat(backoffice): add dossier support chat and file access,"haute: e2e, kyc_sessions",c5bc962c3365,2026-05-03,chore: backend linting and shared infrastructure updates,"haute: e2e, kyc_sessions",Utiliser les commits candidats pour dater le jalon; validation manuelle recommandée.
155,[TEST-03] Tests E2E Playwright — Résumption offline,https://github.com/Ken-Andre/bicec-veripass/issues/155,Task,testing,high,M6 - Analytics & Demo,"Tests E2E Playwright — Résumption offline: Playwright + page.setOfflineMode(true) pendant upload CNI; Vérifier banner ""Hors ligne"" affiché",Terminé probable,haute,"`e2e` dans `CHANGELOG.md`; `offline` dans `CHANGELOG.md`; fichiers proches: `CHANGELOG.md`, `code/backend/tests/test_kyc_auth_and_atms.py`, `code/mobile/src/views/settings/DeleteAccountScreen.tsx`",21,e21e3142bdc5,2026-04-06,refactor: restructure backoffice types & improve mobile offline banner component,"haute: offline, banner",93737581b9c3,2026-05-29,"refactor(mobile): remove KycResumeBanner from App, update translations, ScreenLayout, AppBar, BottomNav","haute: e2e, offline",Utiliser les commits candidats pour dater le jalon; validation manuelle recommandée.
154,[TEST-02] Tests E2E Playwright — Parcours Marie complet,https://github.com/Ken-Andre/bicec-veripass/issues/154,Task,testing,critical,M6 - Analytics & Demo,Tests E2E Playwright — Parcours Marie complet: Flow complet : OTP → PIN setup → CNI recto → CNI verso → OCR review → selfie → liveness → adresse → NIU → consentement → soumission; Utiliser seed data (20 images CNI synthétiques + selfies),Partiellement terminé,faible,"`e2e` dans `CHANGELOG.md`; fichiers proches: `CHANGELOG.md`, `docs/index.md`, `docs/demo-scenario-mvp-2026-05-20.md`",18,6e9e9fb01f55,2026-03-13,test(backoffice): add Playwright E2E tests and Vitest setup,"haute: e2e, playwright, setup",6e9e9fb01f55,2026-03-13,test(backoffice): add Playwright E2E tests and Vitest setup,"haute: e2e, playwright, setup",Planifier le reste à faire ou expliciter le périmètre réellement livré.
153,[TEST-01] Tests d'intégration — Coverage ≥ 70%,https://github.com/Ken-Andre/bicec-veripass/issues/153,Task,"testing, aml",critical,M6 - Analytics & Demo,"Tests d'intégration — Coverage ≥ 70%: Pytest fixtures : DB de test isolée (pytest-postgresql), Redis mock (fakeredis), Celery eager mode; Couvrir : auth OTP, upload CNI, OCR pipeline, state machine transitions, Jean approve/reject, AML screening",Partiellement terminé,faible,"fichiers proches: `CHANGELOG.md`, `docs/BICEC-VERIPASS-VUE-ENSEMBLE.md`, `docs/project-overview.md`",12,,,,,,,,,Planifier le reste à faire ou expliciter le périmètre réellement livré.
152,[ANALYTICS-13] Backend — Long-Polling Notifications pour Back-Office,https://github.com/Ken-Andre/bicec-veripass/issues/152,Task,"backend, backoffice, analytics, aml",medium,M6 - Analytics & Demo,"Backend — Long-Polling Notifications pour Back-Office: Endpoint SSE GET /backoffice/events/stream : Server-Sent Events pour agents connectés; Events streamés : new_dossier_arrived, sla_breach, aml_alert_created",Terminé probable,haute,"`Authorization` dans `code/scripts/upload-sharepoint-large-file.ps1`; fichiers proches: `code/scripts/upload-sharepoint-large-file.ps1`, `CHANGELOG.md`, `docs/schema/ddl-complete.sql`",13,,,,,,,,,Utiliser les commits candidats pour dater le jalon; validation manuelle recommandée.
151,[ANALYTICS-12] Backend — KPI Aggregation Endpoint,https://github.com/Ken-Andre/bicec-veripass/issues/151,Task,"backend, analytics, aml",medium,M6 - Analytics & Demo,"Backend — KPI Aggregation Endpoint: GET /analytics/dashboard : agréger en une requête les KPIs principaux (< 3s); KPIs : total_sessions_today, completion_rate, avg_processing_time_min, liveness_failure_rate, aml_alert_rate, ocr_fer_paddle, ocr_fer_glm",Terminé probable,haute,"`ANALYTICS-12` dans `code/backend/app/core/config.py`; `/analytics/dashboard` dans `code/backoffice/src/services/dossier-service.ts`; `aml_alert_rate` dans `code/backoffice/src/pages/analytics/AnalyticsPage.tsx`; fichiers proches: `code/backend/app/core/config.py`, `docs/adr/ADR-016-redis-namespaces-data-model.md`, `code/backoffice/src/pages/analytics/AnalyticsPage.tsx`",26,,,,,,,,,Utiliser les commits candidats pour dater le jalon; validation manuelle recommandée.
150,[ANALYTICS-11] Back-Office React — CSV Export Button,https://github.com/Ken-Andre/bicec-veripass/issues/150,Task,"frontend, backoffice, analytics",low,M6 - Analytics & Demo,"Back-Office React — CSV Export Button: Bouton ""Exporter CSV"" sur toutes les pages analytics (funnel, OCR, agents); Appel GET /analytics/export?table={}&format=csv → déclencher téléchargement",Partiellement terminé,moyenne,"fichiers proches: `CHANGELOG.md`, `code/mobile/src/views/kyc/OcrReviewScreen.tsx`, `code/backoffice/src/pages/analytics/FunnelAnalyticsPage.tsx`",13,,,,,,,,,Planifier le reste à faire ou expliciter le périmètre réellement livré.
149,[ANALYTICS-10] Backend — COBAC PDF Report Generator,https://github.com/Ken-Andre/bicec-veripass/issues/149,Task,"backend, analytics",medium,M6 - Analytics & Demo,"Backend — COBAC PDF Report Generator: Créer services/reporting/cobac_pdf_generator.py avec ReportLab ou WeasyPrint; Template PDF : entête BICEC, summary client, scores biométriques, historique audit",Terminé probable,haute,"`compliance` dans `CHANGELOG.md`; fichiers proches: `CHANGELOG.md`, `code/scripts/README.md`, `code/backoffice/src/lib/export-utils.ts`",14,bff65cb671f6,2026-02-02,"feat: Introduce comprehensive AI agent system with BMM, BMB, TEA, and CIS workflows, agents, and commands.","moyenne/faible: compliance, report, template",e6d9d20bda03,2026-05-29,"test: add classification UX proof + POV demo, KYC compliance visual demo, agent UX screenshots","moyenne/faible: compliance, report",Utiliser les commits candidats pour dater le jalon; validation manuelle recommandée.
148,[ANALYTICS-09] DB — Migration DWH (dim + fact tables),https://github.com/Ken-Andre/bicec-veripass/issues/148,Task,"database, analytics",high,M6 - Analytics & Demo,"DB — Migration DWH (dim + fact tables): Migration 013_dwh : toutes les tables dim_* et fact_*; Index sur fact_kyc_funnel.session_date, fact_ocr_performance.extraction_date",Terminé probable,haute,"`013_dwh` dans `code/backend/alembic/versions/014_merge_heads.py`; `fact_kyc_funnel` dans `code/backend/alembic/versions/013_dwh.py`; `session_date` dans `code/backend/alembic/versions/013_dwh.py`; fichiers proches: `code/backend/alembic/versions/013_dwh.py`, `code/backend/alembic/versions/014_merge_heads.py`, `CHANGELOG.md`",37,68b8a083be16,2026-03-21,feat(db): add ADDRESS/AML/DWH Alembic migrations (#193 #136 #148),"haute: référence issue #148, 013_dwh",68b8a083be16,2026-03-21,feat(db): add ADDRESS/AML/DWH Alembic migrations (#193 #136 #148),"haute: référence issue #148, 013_dwh",Utiliser les commits candidats pour dater le jalon; validation manuelle recommandée.
147,[ANALYTICS-08] Back-Office React — OCR Observability View,https://github.com/Ken-Andre/bicec-veripass/issues/147,Task,"frontend, backoffice, analytics",medium,M6 - Analytics & Demo,Back-Office React — OCR Observability View: Page /analytics/ocr (Sylvie only); Tableau : FER par engine (PaddleOCR vs GLM-OCR) par jour,Terminé probable,haute,"`/analytics/ocr` dans `code/backoffice/src/pages/analytics/OcrObservabilityPage.tsx`; fichiers proches: `CHANGELOG.md`, `code/backoffice/src/pages/analytics/OcrObservabilityPage.tsx`, `code/README.md`",17,8abcbdfb63c2,2026-04-05,feat(analytics): add initial KYC funnel and OCR observability pages,"moyenne/faible: /analytics/ocr, observability, analytics",8abcbdfb63c2,2026-04-05,feat(analytics): add initial KYC funnel and OCR observability pages,"moyenne/faible: /analytics/ocr, observability, analytics",Utiliser les commits candidats pour dater le jalon; validation manuelle recommandée.
146,[ANALYTICS-07] Back-Office React — Agent Performance Table,https://github.com/Ken-Andre/bicec-veripass/issues/146,Task,"frontend, backoffice, analytics",medium,M6 - Analytics & Demo,"Back-Office React — Agent Performance Table: Tableau agents : nom, dossiers traités aujourd'hui, temps moyen validation, FTR (First Time Right) rate; GET /analytics/agents/performance?date_from={}&date_to={}",Terminé probable,haute,"`date_from` dans `code/backoffice/src/pages/analytics/AnalyticsPage.tsx`; `date_to` dans `paddleocr_test/notebooks/ocr_utils.py`; fichiers proches: `paddleocr_test/notebooks/ocr_utils.py`, `code/backoffice/src/pages/analytics/AnalyticsPage.tsx`, `CHANGELOG.md`",23,,,,,,,,,Utiliser les commits candidats pour dater le jalon; validation manuelle recommandée.
145,[ANALYTICS-06] Back-Office React — Funnel Chart Component,https://github.com/Ken-Andre/bicec-veripass/issues/145,Task,"frontend, backoffice, analytics",medium,M6 - Analytics & Demo,Back-Office React — Funnel Chart Component: Composant <KYCFunnelChart /> : bar chart horizontal Recharts avec 7 étapes; Afficher taux de conversion par étape en pourcentage,Terminé probable,haute,"`device_type` dans `code/backend/alembic/versions/029_dwh_analytics_events.py`; fichiers proches: `code/backend/alembic/versions/029_dwh_analytics_events.py`, `CHANGELOG.md`, `code/backoffice/src/pages/compliance/ComplianceDashboard.tsx`",17,,,,,,,,,Utiliser les commits candidats pour dater le jalon; validation manuelle recommandée.
144,[ANALYTICS-05] Backend — DWH Incremental Refresh Celery Cron,https://github.com/Ken-Andre/bicec-veripass/issues/144,Task,"backend, analytics",medium,M6 - Analytics & Demo,Backend — DWH Incremental Refresh Celery Cron: Celery Beat task refresh_dwh_incremental : cron toutes les 5min; Mettre à jour dim_date si nouveau jour,Terminé probable,haute,"`celery` dans `CHANGELOG.md`; fichiers proches: `CHANGELOG.md`, `code/scripts/setup-cron.sh`, `code/test_celery.py`",13,768a59744f5a,2026-03-18,"feat: add backend infrastructure with database, Celery, and models",moyenne/faible: celery,960982b5d662,2026-05-28,"refactor(tasks): rewrite KYC/Sanctions celery tasks with SQLAlchemy 2.0 async, add NIU duplicate SequenceMatcher",moyenne/faible: celery,Utiliser les commits candidats pour dater le jalon; validation manuelle recommandée.
143,[ANALYTICS-04] Backend — Audit Log Viewer + COBAC Export,https://github.com/Ken-Andre/bicec-veripass/issues/143,Task,"backend, backoffice, analytics",high,M6 - Analytics & Demo,Backend — Audit Log Viewer + COBAC Export: GET /audit-logs?session_id&agent_id&date_from&event_type : recherche paginée; Vérification SHA-256 à la demande : GET /audit-logs/{id}/verify,Terminé probable,haute,"`compliance` dans `CHANGELOG.md`; `session_id` dans `code/scripts/seed_kyc_compliance_visual_demo.py`; `agent_id` dans `code/scripts/seed_kyc_compliance_visual_demo.py`; fichiers proches: `code/scripts/seed_kyc_compliance_visual_demo.py`, `CHANGELOG.md`, `code/backoffice/src/pages/analytics/AnalyticsPage.tsx`",42,393016e263c2,2026-05-28,"test: add agent UX regression, compliance MVP, dossier viewer fixes, Thomas operational audit evidence","haute: compliance, audit, viewer",393016e263c2,2026-05-28,"test: add agent UX regression, compliance MVP, dossier viewer fixes, Thomas operational audit evidence","haute: compliance, audit, viewer",Utiliser les commits candidats pour dater le jalon; validation manuelle recommandée.
142,[ANALYTICS-03] Back-Office — Sylvie's Command Dashboard,https://github.com/Ken-Andre/bicec-veripass/issues/142,Task,"frontend, backoffice, analytics",high,M6 - Analytics & Demo,"Back-Office — Sylvie's Command Dashboard: Page CommandCenter avec tiles RYG (Recharts); Tiles : Queue SLA validés ≤ 2h, Liveness Failure Rate, Duplicate Alert Rate, Amplitude Batch Success, System Health",Terminé probable,haute,"`CommandCenter` dans `code/backoffice/src/App.tsx`; `/analytics/dashboard` dans `code/backoffice/src/services/dossier-service.ts`; fichiers proches: `CHANGELOG.md`, `code/backoffice/src/App.tsx`, `code/backoffice/src/services/dossier-service.ts`",21,c810b7e4ff27,2026-05-28,"feat(backoffice): AnalyticsPage tabs/filters, CommandCenter connected status, Compliance/Queue pages update","haute: commandcenter, command",c810b7e4ff27,2026-05-28,"feat(backoffice): AnalyticsPage tabs/filters, CommandCenter connected status, Compliance/Queue pages update","haute: commandcenter, command",Utiliser les commits candidats pour dater le jalon; validation manuelle recommandée.
141,[ANALYTICS-02] Backend — Star Schema Data Warehouse,https://github.com/Ken-Andre/bicec-veripass/issues/141,Task,"backend, database, analytics, aml",critical,M6 - Analytics & Demo,"Backend — Star Schema Data Warehouse: Tables dimension : dim_date, dim_device, dim_agency, dim_step, dim_agent; Tables fait : fact_kyc_funnel, fact_ocr_performance, fact_agent_load, fact_aml_screening",Terminé probable,moyenne,"`dim_agent` dans `code/backend/alembic/versions/029_dwh_analytics_events.py`; `fact_kyc_funnel` dans `code/backend/alembic/versions/013_dwh.py`; `fact_ocr_performance` dans `code/backend/alembic/versions/013_dwh.py`; fichiers proches: `code/backend/alembic/versions/013_dwh.py`, `code/backend/alembic/versions/029_dwh_analytics_events.py`, `code/backend/alembic/versions/014_merge_heads.py`",27,,,,,,,,,Utiliser les commits candidats pour dater le jalon; validation manuelle recommandée.
140,[ANALYTICS-01] Backend — Funnel Events Tracking,https://github.com/Ken-Andre/bicec-veripass/issues/140,Task,"backend, analytics",critical,M6 - Analytics & Demo,"Backend — Funnel Events Tracking: Service services/analytics/event_tracker.py : track_event(session_id, step, duration_ms, device_type, dropped=False); Événements à tracker : STEP_STARTED, STEP_COMPLETED, STEP_DROPPED (si session abandonnée)",Terminé probable,moyenne,"`fact_kyc_funnel` dans `code/backend/alembic/versions/013_dwh.py`; `/analytics/funnel` dans `code/backoffice/src/pages/analytics/FunnelAnalyticsPage.tsx`; `track_event` dans `code/backend/app/tasks/kyc.py`; fichiers proches: `code/backend/alembic/versions/029_dwh_analytics_events.py`, `code/scripts/seed_kyc_compliance_visual_demo.py`, `code/backend/alembic/versions/013_dwh.py`",42,8abcbdfb63c2,2026-04-05,feat(analytics): add initial KYC funnel and OCR observability pages,"moyenne/faible: /analytics/funnel, funnel, analytics",41c6e56a411f,2026-04-12,"fix(hardening): remediate technical debt, impure renders, and type instability (18 files)","moyenne/faible: /analytics/funnel, service, services",Utiliser les commits candidats pour dater le jalon; validation manuelle recommandée.
139,[AML-11] Backend — AML False Positive Rate Reporting,https://github.com/Ken-Andre/bicec-veripass/issues/139,Task,"backend, analytics, aml",low,M5 - Full KYC Flow,"Backend — AML False Positive Rate Reporting: Vue SQL v_aml_fp_rate : {week, alerts_total, cleared_fp, confirmed, fp_rate_pct}; Endpoint GET /analytics/aml/fp-rate?weeks=4 (Thomas/Sylvie)",Terminé probable,haute,"`aml` dans `CHANGELOG.md`; fichiers proches: `CHANGELOG.md`, `paddleocr_test/test_structure.py`, `code/mobile/src/services/mediapipeService.ts`",13,ea6f9655fe2f,2026-05-24,"fix(backend): add AML alert detail endpoint, grant THOMAS analytics access, restrict queue","haute: aml, analytics, thomas",ea6f9655fe2f,2026-05-24,"fix(backend): add AML alert detail endpoint, grant THOMAS analytics access, restrict queue","haute: aml, analytics, thomas",Utiliser les commits candidats pour dater le jalon; validation manuelle recommandée.
138,[AML-10] Back-Office — Thomas AML Statistics Tab,https://github.com/Ken-Andre/bicec-veripass/issues/138,Task,"frontend, backoffice, analytics, aml",low,M5 - Full KYC Flow,"Back-Office — Thomas AML Statistics Tab: Onglet ""Statistiques AML"" dans le dashboard Thomas; Tiles : alertes PENDING, traitées aujourd'hui, taux faux positifs",Terminé probable,haute,"`aml` dans `CHANGELOG.md`; fichiers proches: `CHANGELOG.md`, `code/test_celery.py`, `code/README.md`",16,355e960aebcc,2026-02-10,Comment out YAML frontmatter in UX spec,moyenne/faible: aml,e6d9d20bda03,2026-05-29,"test: add classification UX proof + POV demo, KYC compliance visual demo, agent UX screenshots","moyenne/faible: aml, thomas, dashboard",Utiliser les commits candidats pour dater le jalon; validation manuelle recommandée.
137,[AML-09] Backend — AML Screening Auto-trigger post-soumission,https://github.com/Ken-Andre/bicec-veripass/issues/137,Task,"backend, aml",high,M5 - Full KYC Flow,Backend — AML Screening Auto-trigger post-soumission: Signal post-score : compute_global_score terminé → auto-trigger run_aml_screening(session_id); Si AML ALERT → transition PENDING_KYC → COMPLIANCE_REVIEW immédiate,Terminé probable,haute,"`aml` dans `CHANGELOG.md`; `celery` dans `CHANGELOG.md`; `session_id` dans `code/scripts/seed_kyc_compliance_visual_demo.py`; fichiers proches: `CHANGELOG.md`, `code/scripts/seed_kyc_compliance_visual_demo.py`, `paddleocr_test/notebooks/README.md`",24,a4d29188d33b,2026-04-04,feat(backend): Register audit API router & add scheduled AML/KYC celery tasks,"haute: aml, celery",b01dff6fe16c,2026-04-09,fix: resolve ruff linting errors,"haute: aml, celery",Utiliser les commits candidats pour dater le jalon; validation manuelle recommandée.
136,[AML-08] DB — Migration tables AML,https://github.com/Ken-Andre/bicec-veripass/issues/136,Task,"database, aml",high,M5 - Full KYC Flow,DB — Migration tables AML: Migration 012_aml : tables sanctions_entries + aml_alerts; Index GIN pg_trgm sur sanctions_entries.full_name,Terminé probable,haute,"`012_aml` dans `code/backend/alembic/versions/017_drop_orphan_sanctions_entries.py`; `sanctions_entries` dans `code/backend/alembic/versions/017_drop_orphan_sanctions_entries.py`; `aml_alerts` dans `code/backoffice/src/pages/validation/EvidenceViewerPage.tsx`; fichiers proches: `code/backend/alembic/versions/012_aml.py`, `code/backend/alembic/versions/017_drop_orphan_sanctions_entries.py`, `CHANGELOG.md`",51,68b8a083be16,2026-03-21,feat(db): add ADDRESS/AML/DWH Alembic migrations (#193 #136 #148),"haute: référence issue #136, 012_aml, aml",b01dff6fe16c,2026-04-09,fix: resolve ruff linting errors,"haute: 012_aml, sanctions_entries, aml",Utiliser les commits candidats pour dater le jalon; validation manuelle recommandée.
135,[AML-07] Backend — AML Audit Trail complet,https://github.com/Ken-Andre/bicec-veripass/issues/135,Task,"backend, aml",medium,M5 - Full KYC Flow,"Backend — AML Audit Trail complet: Logguer dans audit_logs tous les événements AML : AML_SCREENING_TRIGGERED, AML_ALERT_CREATED, AML_CLEARED, AML_CONFIRMED_FREEZE; SHA-256 sur chaque événement AML (immutabilité)",Terminé probable,haute,"`audit_logs` dans `code/backend/tests/test_rbac.py`; `AML_CLEARED` dans `code/backoffice/src/types/kyc.ts`; `aml` dans `CHANGELOG.md`; fichiers proches: `CHANGELOG.md`, `code/backoffice/src/types/kyc.ts`, `code/backend/tests/test_rbac.py`",29,bff65cb671f6,2026-02-02,"feat: Introduce comprehensive AI agent system with BMM, BMB, TEA, and CIS workflows, agents, and commands.","haute: aml, compliance",e6d9d20bda03,2026-05-29,"test: add classification UX proof + POV demo, KYC compliance visual demo, agent UX screenshots","haute: aml, compliance",Utiliser les commits candidats pour dater le jalon; validation manuelle recommandée.
134,[AML-06] Backend — Weekly Sanctions Sync Celery Beat,https://github.com/Ken-Andre/bicec-veripass/issues/134,Task,"backend, aml",medium,M5 - Full KYC Flow,"Backend — Weekly Sanctions Sync Celery Beat: Celery Beat task sync_sanctions_weekly : re-télécharger OpenSanctions, upsert (no DELETE), log durée; Audit log : SANCTIONS_SYNC_COMPLETED avec {records_added, records_updated, duration_s}",Terminé probable,haute,"`aml` dans `CHANGELOG.md`; `celery` dans `CHANGELOG.md`; `duration_s` dans `code/backend/alembic/versions/013_dwh.py`; fichiers proches: `CHANGELOG.md`, `code/backend/alembic/versions/013_dwh.py`, `code/backend/app/tasks_demo.py`",25,a4d29188d33b,2026-04-04,feat(backend): Register audit API router & add scheduled AML/KYC celery tasks,"haute: aml, celery",960982b5d662,2026-05-28,"refactor(tasks): rewrite KYC/Sanctions celery tasks with SQLAlchemy 2.0 async, add NIU duplicate SequenceMatcher","haute: celery, sanctions",Utiliser les commits candidats pour dater le jalon; validation manuelle recommandée.
133,[AML-05] Backend — Account Freeze on AML Confirm,https://github.com/Ken-Andre/bicec-veripass/issues/133,Task,"backend, security, aml",high,M5 - Full KYC Flow,Backend — Account Freeze on AML Confirm: Transition state machine : COMPLIANCE_REVIEW → REJECTED (si AML confirmé); Mettre kyc_sessions.access_level = BLOCKED,Terminé probable,haute,"`aml` dans `CHANGELOG.md`; `kyc_sessions` dans `code/scripts/seed_kyc_compliance_visual_demo.py`; `access_level` dans `code/scripts/seed_kyc_compliance_visual_demo.py`; fichiers proches: `code/scripts/seed_kyc_compliance_visual_demo.py`, `CHANGELOG.md`, `code/backoffice/src/test/e2e/components.spec.ts`",28,f1eefc491789,2026-04-27,feat(backoffice): add dossier support chat and file access,"haute: aml, kyc_sessions",f1eefc491789,2026-04-27,feat(backoffice): add dossier support chat and file access,"haute: aml, kyc_sessions",Utiliser les commits candidats pour dater le jalon; validation manuelle recommandée.
132,[AML-04] Backend — AML Alert Management (Clear/Confirm/Escalate),https://github.com/Ken-Andre/bicec-veripass/issues/132,Task,"backend, aml",high,M5 - Full KYC Flow,"Backend — AML Alert Management (Clear/Confirm/Escalate): POST /aml/alerts/{id}/clear : body {justification} → status = CLEARED, dossier reprend son flux normal; POST /aml/alerts/{id}/confirm : → status = CONFIRMED, kyc_sessions.access_level = BLOCKED, notification OPERATIONS_MANAGER",Terminé probable,haute,"`{justification}` dans `code/backoffice/src/pages/compliance/ConflictResolverPage.tsx`; `aml` dans `CHANGELOG.md`; `kyc_sessions` dans `code/scripts/seed_kyc_compliance_visual_demo.py`; fichiers proches: `code/scripts/seed_kyc_compliance_visual_demo.py`, `CHANGELOG.md`, `code/backoffice/src/pages/compliance/ConflictResolverPage.tsx`",32,f1eefc491789,2026-04-27,feat(backoffice): add dossier support chat and file access,"haute: aml, kyc_sessions",f1eefc491789,2026-04-27,feat(backoffice): add dossier support chat and file access,"haute: aml, kyc_sessions",Utiliser les commits candidats pour dater le jalon; validation manuelle recommandée.
131,[AML-03] Back-Office — Thomas AML Dashboard,https://github.com/Ken-Andre/bicec-veripass/issues/131,Task,"frontend, backoffice, aml",high,M5 - Full KYC Flow,Back-Office — Thomas AML Dashboard: Page AMLAlerts : liste alertes PENDING triées par score DESC; Vue détail alerte : profil client vs profil sanctions side-by-side,Terminé probable,haute,"`AMLAlerts` dans `code/backoffice/src/types/index.ts`; `AML_CLEARED` dans `code/backoffice/src/types/kyc.ts`; `aml` dans `CHANGELOG.md`; fichiers proches: `CHANGELOG.md`, `code/scripts/seed_kyc_compliance_visual_demo.py`, `code/backoffice/src/types/index.ts`",32,8d9fec0aba02,2026-04-05,"feat(compliance): add agency CRUD, AML detail and dashboard pages","haute: aml, dashboard, detail",e6343c6803ba,2026-05-28,"fix(kyc): AmlAlertStatus PENDING→OPEN, DuplicateCheck NIU fields, agent activity tracking, analytics hooks","haute: amlalerts, aml, pending",Utiliser les commits candidats pour dater le jalon; validation manuelle recommandée.
130,[AML-02] Backend — Fuzzy Matching Engine,https://github.com/Ken-Andre/bicec-veripass/issues/130,Task,"backend, aml",critical,M5 - Full KYC Flow,"Backend — Fuzzy Matching Engine: Service services/aml/screening_service.py : screen_name(nom, prenom, ddn) -> List[AMLMatch]; Query pg_trgm : SELECT * FROM sanctions_entries WHERE similarity(full_name, ?) > 0.6 ORDER BY similarity DESC LIMIT 10",Terminé probable,haute,"`ALERT` dans `CHANGELOG.md`; `CLEAR` dans `CHANGELOG.md`; `aml_alerts` dans `code/backoffice/src/pages/validation/EvidenceViewerPage.tsx`; fichiers proches: `CHANGELOG.md`, `code/scripts/seed_kyc_compliance_visual_demo.py`, `code/backend/alembic/versions/012_aml.py`",56,af053f470af8,2026-03-06,feat: add AML/CFT screening view with fraud alerts to BackOffice,"haute: alert, aml",037329079c41,2026-06-02,docs: add BICEC presentation marketing pack,"haute: alert, aml",Utiliser les commits candidats pour dater le jalon; validation manuelle recommandée.
129,[AML-01] Backend — Seed PEP/Sanctions Lists & Weekly Sync Celery,https://github.com/Ken-Andre/bicec-veripass/issues/129,Task,"backend, aml",critical,M5 - Full KYC Flow,"Backend — Seed PEP/Sanctions Lists & Weekly Sync Celery: Créer table sanctions_entries : id, full_name, aliases (JSONB), dob, nationality, list_source, risk_category (PEP/SANCTION/BOTH); Index GIN pg_trgm sur full_name + GIN sur aliases",Terminé probable,haute,"`sanctions_entries` dans `code/backend/alembic/versions/017_drop_orphan_sanctions_entries.py`; `pg_trgm` dans `code/backend/alembic/versions/012_aml.py`; `full_name` dans `code/scripts/seed_kyc_compliance_visual_demo.py`; fichiers proches: `CHANGELOG.md`, `code/backend/alembic/versions/017_drop_orphan_sanctions_entries.py`, `paddleocr_test/notebooks/ocr_utils.py`",48,68b8a083be16,2026-03-21,feat(db): add ADDRESS/AML/DWH Alembic migrations (#193 #136 #148),"haute: 012_aml, aml",960982b5d662,2026-05-28,"refactor(tasks): rewrite KYC/Sanctions celery tasks with SQLAlchemy 2.0 async, add NIU duplicate SequenceMatcher","haute: celery, sanctions",Utiliser les commits candidats pour dater le jalon; validation manuelle recommandée.
128,[KYC-CONS-03] Backend — Loi 2024-017 compliance pack metadata,https://github.com/Ken-Andre/bicec-veripass/issues/128,Task,backend,,M5 - Full KYC Flow,Backend — Loi 2024-017 compliance pack metadata: Implement metadata tagging for Loi 2024-017 compliance; Store consent versions and legal text snapshots,Terminé probable,haute,"`compliance` dans `CHANGELOG.md`; `audit` dans `CHANGELOG.md`; fichiers proches: `CHANGELOG.md`, `code/scripts/export-docker-stack.ps1`, `code/README.md`",21,8191b05c6f8e,2026-04-05,feat(backoffice): implement system audit logs page with filters,"haute: audit, implement",435643b4f7d5,2026-05-28,"docs: generate maintainer documentation suite, COBAC audit evidence, Thomas operational audit screenshots","haute: compliance, audit",Utiliser les commits candidats pour dater le jalon; validation manuelle recommandée.
127,[KYC-CONS-02] Integration — Consent timestamping & IP logging,https://github.com/Ken-Andre/bicec-veripass/issues/127,Task,"backend, address",,M5 - Full KYC Flow,Integration — Consent timestamping & IP logging: Logic to record consent timestamp and IP address on the backend; Persist consent events to audit_logs table,Terminé probable,haute,"`audit_logs` dans `code/backend/tests/test_rbac.py`; `compliance` dans `CHANGELOG.md`; fichiers proches: `CHANGELOG.md`, `code/backend/tests/test_rbac.py`, `paddleocr_test/notebooks/ocr_utils.py`",20,bff65cb671f6,2026-02-02,"feat: Introduce comprehensive AI agent system with BMM, BMB, TEA, and CIS workflows, agents, and commands.","moyenne/faible: compliance, integration",e6d9d20bda03,2026-05-29,"test: add classification UX proof + POV demo, KYC compliance visual demo, agent UX screenshots",moyenne/faible: compliance,Utiliser les commits candidats pour dater le jalon; validation manuelle recommandée.
126,[KYC-CONS-01] UI — Consent checkboxes & Legal policy modals,https://github.com/Ken-Andre/bicec-veripass/issues/126,Task,mobile,,M5 - Full KYC Flow,"UI — Consent checkboxes & Legal policy modals: Implement Consent screen with three mandatory checkboxes; Links/Modals for Terms, Privacy, and Biometric policies",Terminé probable,haute,"`compliance` dans `CHANGELOG.md`; fichiers proches: `CHANGELOG.md`, `code/backoffice/src/test/e2e/dossier-viewer-fixes.evidence.ts`, `code/mobile/src/views/kyc/SignatureScreen.test.tsx`",16,93bb82f1ec46,2026-02-23,docs: update PRD with AML compliance workflow and PIN setup,moyenne/faible: compliance,e6d9d20bda03,2026-05-29,"test: add classification UX proof + POV demo, KYC compliance visual demo, agent UX screenshots",moyenne/faible: compliance,Utiliser les commits candidats pour dater le jalon; validation manuelle recommandée.
125,[KYC-ADDR-08] Backend — Automated dossier routing based on agency ID,https://github.com/Ken-Andre/bicec-veripass/issues/125,Task,backend,,M5 - Full KYC Flow,Backend — Automated dossier routing based on agency ID: Implement logic to route dossiers to specific agent pools based on Agency ID; Map Cameroonian regions/cities to BICEC agency IDs,Terminé probable,haute,"`logic` dans `CHANGELOG.md`; fichiers proches: `CHANGELOG.md`, `code/mobile/src/views/kyc/SignatureScreen.test.tsx`, `code/backoffice/src/test/e2e/thomas-operational-audit.evidence.ts`",16,4dfb3bb7e04c,2026-05-18,"feat(kyc): add image processing, encryption utilities, and OCR merging logic",moyenne/faible: logic,4dfb3bb7e04c,2026-05-18,"feat(kyc): add image processing, encryption utilities, and OCR merging logic",moyenne/faible: logic,Utiliser les commits candidats pour dater le jalon; validation manuelle recommandée.
124,[KYC-ADDR-07] Backend — Utility bill GLM-OCR semantic extraction,https://github.com/Ken-Andre/bicec-veripass/issues/124,Task,backend,,M5 - Full KYC Flow,"Backend — Utility bill GLM-OCR semantic extraction: Implement GLM-OCR extraction for Utility Bills (ENEO/CAMWATER); Semantic mapping: Extract Date, Agency, and potentially Client Name",Terminé probable,haute,"`kyc_sessions` dans `code/scripts/seed_kyc_compliance_visual_demo.py`; fichiers proches: `CHANGELOG.md`, `code/scripts/seed_kyc_compliance_visual_demo.py`, `docs/schema/ddl-complete.sql`",16,,,,,,,,,Utiliser les commits candidats pour dater le jalon; validation manuelle recommandée.
123,[KYC-ADDR-06] UI — NIU declaration vs document upload toggle,https://github.com/Ken-Andre/bicec-veripass/issues/123,Task,mobile,,M5 - Full KYC Flow,UI — NIU declaration vs document upload toggle: UI for NIU entry method selection; Upload component for NIU Attestation document,Partiellement terminé,moyenne,"fichiers proches: `CHANGELOG.md`, `code/mobile/tests/e2e/kyc-auth-and-atms.spec.ts`, `paddleocr_test/notebooks/ocr_utils.py`",11,,,,,,,,,Planifier le reste à faire ou expliciter le périmètre réellement livré.
122,[KYC-ADDR-05] Backend — NIU regex validation & flag logic,https://github.com/Ken-Andre/bicec-veripass/issues/122,Task,backend,,M5 - Full KYC Flow,"Backend — NIU regex validation & flag logic: Implement Regex validation for Cameroonian NIU (e.g., M0XX12345678A); Logic to flag session as niu_declarative=true upon manual entry",Terminé probable,haute,"`niu_declarative=true` dans `code/scripts/seed_kyc_compliance_visual_demo.py`; `LIMITED_ACCESS` dans `code/mobile/src/views/dashboard/DashboardPage.tsx`; `compliance` dans `CHANGELOG.md`; fichiers proches: `code/scripts/seed_kyc_compliance_visual_demo.py`, `CHANGELOG.md`, `code/mobile/src/views/dashboard/DashboardPage.tsx`",31,e6d9d20bda03,2026-05-29,"test: add classification UX proof + POV demo, KYC compliance visual demo, agent UX screenshots","haute: compliance, flag",e6d9d20bda03,2026-05-29,"test: add classification UX proof + POV demo, KYC compliance visual demo, agent UX screenshots","haute: compliance, flag",Utiliser les commits candidats pour dater le jalon; validation manuelle recommandée.
121,[KYC-ADDR-04] UI — Map/Location preview (optional),https://github.com/Ken-Andre/bicec-veripass/issues/121,Task,"mobile, address",,M5 - Full KYC Flow,UI — Map/Location preview (optional): Implement optional Map view for address confirmation; Simple marker placement based on GPS/Selection,Partiellement terminé,moyenne,"fichiers proches: `CHANGELOG.md`, `code/scripts/import-docker-stack.ps1`, `paddleocr_test/notebooks/05_pdf_image_converter.py`",11,,,,,,,,,Planifier le reste à faire ou expliciter le périmètre réellement livré.
120,[KYC-ADDR-03] Integration — GPS coordinate capture & proximity check,https://github.com/Ken-Andre/bicec-veripass/issues/120,Task,"backend, mobile",,M5 - Full KYC Flow,Integration — GPS coordinate capture & proximity check: Integrate browser Geolocation API; Capture and encrypt coordinates in the session,Terminé probable,haute,"`api` dans `CHANGELOG.md`; fichiers proches: `CHANGELOG.md`, `paddleocr_test/notebooks/ocr_utils.py`, `code/mobile/src/services/atmLocator.test.ts`",16,bff65cb671f6,2026-02-02,"feat: Introduce comprehensive AI agent system with BMM, BMB, TEA, and CIS workflows, agents, and commands.","moyenne/faible: api, integration, check",d2f794e975c7,2026-06-06,"chore: reduce repo size - untrack agent dirs, rendered-word, bmad media","moyenne/faible: api, integration, check",Utiliser les commits candidats pour dater le jalon; validation manuelle recommandée.
119,[KYC-ADDR-02] UI — Progressive cascade dropdowns for address entry,https://github.com/Ken-Andre/bicec-veripass/issues/119,Task,"mobile, address",,M5 - Full KYC Flow,"UI — Progressive cascade dropdowns for address entry: Implement address entry screen in mobile PWA; Progressive cascade logic for dropdowns (Ville triggers Commune, etc.)",Partiellement terminé,moyenne,"fichiers proches: `CHANGELOG.md`, `code/mobile/src/utils/imageCompression.ts`, `code/backend/app/tasks/kyc.py`",12,,,,,,,,,Planifier le reste à faire ou expliciter le périmètre réellement livré.
118,[KYC-ADDR-01] Backend — Administrative divisions data (Ville/Commune/Quartier),https://github.com/Ken-Andre/bicec-veripass/issues/118,Task,"backend, database, address",,M5 - Full KYC Flow,Backend — Administrative divisions data (Ville/Commune/Quartier): Seed database with Cameroonian administrative divisions; Hierarchy: Region -> Ville -> Commune -> Quartier,Trace faible / à vérifier,faible,"fichiers proches: `code/scripts/run_kyc_happy_path_acceptance.py`, `paddleocr_test/notebooks/02_synthetic_cni_generation.py`, `paddleocr_test/notebooks/ocr_utils.py`",8,,,,,,,,,Vérifier manuellement les fichiers détectés avant de dater le jalon.
117,[BO-19] Backend — Load balancing: Smooth WRR implementation,https://github.com/Ken-Andre/bicec-veripass/issues/117,Task,backend,,M4 - Back-Office MVP,Backend — Load balancing: Smooth WRR implementation: Implement Smooth Weighted Round Robin (SWRR) assignment logic; Weights based on agent experience or workload preference,Terminé probable,haute,"`back-office` dans `CHANGELOG.md`; `logic` dans `CHANGELOG.md`; fichiers proches: `CHANGELOG.md`, `paddleocr_test/notebooks/04_eneo_sanctions_exploration.py`, `code/backoffice/src/test/e2e/classification-ux-pov-demo.mjs`",20,e0a32751aaf4,2026-03-14,Merge pull request #196 from Ken-Andre/feat/infra-04-back-office,moyenne/faible: back-office,a7cefa962fea,2026-06-04,docs: add AGENTS.md and ADR-040 (accès back-office multi-agences),moyenne/faible: back-office,Utiliser les commits candidats pour dater le jalon; validation manuelle recommandée.
116,[BO-18] Security — Back-office session management & logout,https://github.com/Ken-Andre/bicec-veripass/issues/116,Task,security,,M4 - Back-Office MVP,Security — Back-office session management & logout: Implement secure session timeout for back-office apps; Automatic redirect to login after inactivity,Terminé probable,haute,"`back-office` dans `CHANGELOG.md`; fichiers proches: `CHANGELOG.md`, `code/backoffice/src/test/e2e/components.spec.ts`, `code/mobile/src/views/kyc/SignatureScreen.test.tsx`",17,e0a32751aaf4,2026-03-14,Merge pull request #196 from Ken-Andre/feat/infra-04-back-office,moyenne/faible: back-office,a7cefa962fea,2026-06-04,docs: add AGENTS.md and ADR-040 (accès back-office multi-agences),moyenne/faible: back-office,Utiliser les commits candidats pour dater le jalon; validation manuelle recommandée.
115,[BO-17] UI — Rejection reason modal,https://github.com/Ken-Andre/bicec-veripass/issues/115,Task,produit,,M4 - Back-Office MVP,UI — Rejection reason modal: Implement rejection modal with reason selection; Mandatory justification for rejection (FR requirement),Terminé probable,haute,"`back-office` dans `CHANGELOG.md`; fichiers proches: `CHANGELOG.md`, `code/mobile/src/views/kyc/RejectionScreen.tsx`, `code/scripts/run_kyc_happy_path_acceptance.py`",15,e0a32751aaf4,2026-03-14,Merge pull request #196 from Ken-Andre/feat/infra-04-back-office,moyenne/faible: back-office,a7cefa962fea,2026-06-04,docs: add AGENTS.md and ADR-040 (accès back-office multi-agences),moyenne/faible: back-office,Utiliser les commits candidats pour dater le jalon; validation manuelle recommandée.
114,[BO-16] Integration — Intranet file server connection (Read images),https://github.com/Ken-Andre/bicec-veripass/issues/114,Task,infrastructure,,M4 - Back-Office MVP,Integration — Intranet file server connection (Read images): Implement secure image server access from BO app; Support for token-based URL generation for document viewing,Terminé probable,haute,"`back-office` dans `CHANGELOG.md`; fichiers proches: `CHANGELOG.md`, `code/scripts/import-docker-stack.ps1`, `code/backoffice/src/test/e2e/live-gab-steps.evidence.ts`",16,e0a32751aaf4,2026-03-14,Merge pull request #196 from Ken-Andre/feat/infra-04-back-office,moyenne/faible: back-office,a7cefa962fea,2026-06-04,docs: add AGENTS.md and ADR-040 (accès back-office multi-agences),moyenne/faible: back-office,Utiliser les commits candidats pour dater le jalon; validation manuelle recommandée.
113,[BO-15] Backend — Audit log append-only logic (SHA-256 events),https://github.com/Ken-Andre/bicec-veripass/issues/113,Task,"backend, security",,M4 - Back-Office MVP,Backend — Audit log append-only logic (SHA-256 events): Implement append-only audit_logs table (no DELETE/UPDATE); Logic to sign each log record with SHA-256 of the payload,Terminé probable,haute,"`audit_logs` dans `code/backend/tests/test_rbac.py`; `audit` dans `CHANGELOG.md`; fichiers proches: `CHANGELOG.md`, `code/backend/tests/test_rbac.py`, `code/scripts/audit_sentry_issues.py`",20,8191b05c6f8e,2026-04-05,feat(backoffice): implement system audit logs page with filters,"haute: audit, implement",8191b05c6f8e,2026-04-05,feat(backoffice): implement system audit logs page with filters,"haute: audit, implement",Utiliser les commits candidats pour dater le jalon; validation manuelle recommandée.
112,"[BO-14] UI — Agent Dashboard (SLA, Dossiers processed)",https://github.com/Ken-Andre/bicec-veripass/issues/112,Task,produit,,M4 - Back-Office MVP,"UI — Agent Dashboard (SLA, Dossiers processed): Individual agent dashboard showing processed vs pending stats; Current SLA performance for the individual agent",Terminé probable,haute,"`back-office` dans `CHANGELOG.md`; fichiers proches: `CHANGELOG.md`, `paddleocr_test/notebooks/02_synthetic_cni_generation.py`, `paddleocr_test/notebooks/03_ocr_accuracy_dashboard.py`",17,e0a32751aaf4,2026-03-14,Merge pull request #196 from Ken-Andre/feat/infra-04-back-office,moyenne/faible: back-office,a7cefa962fea,2026-06-04,docs: add AGENTS.md and ADR-040 (accès back-office multi-agences),moyenne/faible: back-office,Utiliser les commits candidats pour dater le jalon; validation manuelle recommandée.
111,[BO-13] Backend — Multi-agent concurrency control (Dossier locking),https://github.com/Ken-Andre/bicec-veripass/issues/111,Task,backend,,M4 - Back-Office MVP,Backend — Multi-agent concurrency control (Dossier locking): Implement pessimistic locking for dossier review; kyc_sessions.locked_by flag with timeout,Terminé probable,haute,"`back-office` dans `CHANGELOG.md`; `logic` dans `CHANGELOG.md`; `kyc_sessions` dans `code/scripts/seed_kyc_compliance_visual_demo.py`; fichiers proches: `CHANGELOG.md`, `code/scripts/seed_kyc_compliance_visual_demo.py`, `code/backend/app/tasks_demo.py`",23,e0a32751aaf4,2026-03-14,Merge pull request #196 from Ken-Andre/feat/infra-04-back-office,moyenne/faible: back-office,a7cefa962fea,2026-06-04,docs: add AGENTS.md and ADR-040 (accès back-office multi-agences),moyenne/faible: back-office,Utiliser les commits candidats pour dater le jalon; validation manuelle recommandée.
110,[BO-12] Integration — PENDING_INFO mobile notification trigger,https://github.com/Ken-Andre/bicec-veripass/issues/110,Task,mobile,,M4 - Back-Office MVP,Integration — PENDING_INFO mobile notification trigger: Implement Celery task to send in-app notifications to Marie; Triggered upon PENDING_INFO decision via back-office,Terminé probable,haute,"`PENDING_INFO` dans `code/backoffice/src/pages/validation/ValidationQueuePage.tsx`; `back-office` dans `CHANGELOG.md`; `notifications` dans `CHANGELOG.md`; fichiers proches: `CHANGELOG.md`, `code/backoffice/src/pages/validation/ValidationQueuePage.tsx`, `code/scripts/setup-task-scheduler.ps1`",27,e0a32751aaf4,2026-03-14,Merge pull request #196 from Ken-Andre/feat/infra-04-back-office,moyenne/faible: back-office,a7cefa962fea,2026-06-04,docs: add AGENTS.md and ADR-040 (accès back-office multi-agences),moyenne/faible: back-office,Utiliser les commits candidats pour dater le jalon; validation manuelle recommandée.
109,[BO-11] UI — SLA visual indicators (R/Y/G) in queue,https://github.com/Ken-Andre/bicec-veripass/issues/109,Task,produit,,M4 - Back-Office MVP,UI — SLA visual indicators (R/Y/G) in queue: Visual R/Y/G badges in queue for SLA status; Tooltips for remaining time prediction,Terminé probable,haute,"`back-office` dans `CHANGELOG.md`; fichiers proches: `CHANGELOG.md`, `code/scripts/seed_kyc_compliance_visual_demo.py`, `code/mobile/tests/e2e/kyc-auth-and-atms.spec.ts`",14,e0a32751aaf4,2026-03-14,Merge pull request #196 from Ken-Andre/feat/infra-04-back-office,moyenne/faible: back-office,a7cefa962fea,2026-06-04,docs: add AGENTS.md and ADR-040 (accès back-office multi-agences),moyenne/faible: back-office,Utiliser les commits candidats pour dater le jalon; validation manuelle recommandée.
108,[BO-10] Backend — SLA tracking & escalation flags logic,https://github.com/Ken-Andre/bicec-veripass/issues/108,Task,"backend, monitoring",,M4 - Back-Office MVP,Backend — SLA tracking & escalation flags logic: Implement SLA monitoring service (target review time); Automated escalation flag triggers for dossiers over SLA,Terminé probable,haute,"`back-office` dans `CHANGELOG.md`; `logic` dans `CHANGELOG.md`; fichiers proches: `CHANGELOG.md`, `code/mobile/src/views/kyc/SignatureScreen.test.tsx`, `code/scripts/upload-sharepoint-large-file.ps1`",21,e0a32751aaf4,2026-03-14,Merge pull request #196 from Ken-Andre/feat/infra-04-back-office,moyenne/faible: back-office,a7cefa962fea,2026-06-04,docs: add AGENTS.md and ADR-040 (accès back-office multi-agences),moyenne/faible: back-office,Utiliser les commits candidats pour dater le jalon; validation manuelle recommandée.
107,[BO-09] Backend — Agent activity audit logging,https://github.com/Ken-Andre/bicec-veripass/issues/107,Task,"backend, address",,M4 - Back-Office MVP,"Backend — Agent activity audit logging: Implement audit trail for agent actions; Log events: DOSSIER_OPENED, DOSSIER_APPROVED, DOSSIER_REJECTED, etc.",Terminé probable,haute,"`DOSSIER_APPROVED` dans `code/mobile/src/views/dashboard/NotificationsScreen.tsx`; `DOSSIER_REJECTED` dans `code/mobile/src/views/dashboard/NotificationsScreen.tsx`; `back-office` dans `CHANGELOG.md`; fichiers proches: `CHANGELOG.md`, `code/mobile/src/views/dashboard/NotificationsScreen.tsx`, `code/backoffice/src/pages/command-center/CommandCenterPage.tsx`",31,6297fd6318d8,2026-03-27,feat: improve backup maintenance with gating and audit logging,"haute: audit, logging",393016e263c2,2026-05-28,"test: add agent UX regression, compliance MVP, dossier viewer fixes, Thomas operational audit evidence","haute: audit, agent",Utiliser les commits candidats pour dater le jalon; validation manuelle recommandée.
106,[BO-08] Backend — Decision handler endpoint,https://github.com/Ken-Andre/bicec-veripass/issues/106,Task,backend,,M4 - Back-Office MVP,Backend — Decision handler endpoint: Implement POST /bo/kyc/decision endpoint; Update state machine on dossier decision,Terminé probable,haute,"`READY_FOR_OPS` dans `code/backoffice/src/types/kyc.ts`; `PENDING_INFO` dans `code/backoffice/src/pages/validation/ValidationQueuePage.tsx`; `back-office` dans `CHANGELOG.md`; fichiers proches: `CHANGELOG.md`, `code/backoffice/src/types/kyc.ts`, `code/backoffice/src/pages/validation/ValidationQueuePage.tsx`",32,c762cfa046f0,2026-05-28,"feat(backoffice): base path /back-office/, SystemLogs refactor, apiGetBlob, header/sidebar tweaks","haute: back-office, api",c762cfa046f0,2026-05-28,"feat(backoffice): base path /back-office/, SystemLogs refactor, apiGetBlob, header/sidebar tweaks","haute: back-office, api",Utiliser les commits candidats pour dater le jalon; validation manuelle recommandée.
105,[BO-07] UI — Decision buttons (Approve/Reject/Info),https://github.com/Ken-Andre/bicec-veripass/issues/105,Task,produit,,M4 - Back-Office MVP,UI — Decision buttons (Approve/Reject/Info): Design and implement decision bar (Approve / Reject / Info); Modal for rejection reason or info request,Terminé probable,haute,"`back-office` dans `CHANGELOG.md`; fichiers proches: `CHANGELOG.md`, `code/scripts/run_kyc_happy_path_acceptance.py`, `paddleocr_test/notebooks/ocr_utils.py`",17,e0a32751aaf4,2026-03-14,Merge pull request #196 from Ken-Andre/feat/infra-04-back-office,"haute: back-office, request",e0a32751aaf4,2026-03-14,Merge pull request #196 from Ken-Andre/feat/infra-04-back-office,"haute: back-office, request",Utiliser les commits candidats pour dater le jalon; validation manuelle recommandée.
104,[BO-06] Integration — Face match similarity screen (BO panel),https://github.com/Ken-Andre/bicec-veripass/issues/104,Task,produit,,M4 - Back-Office MVP,Integration — Face match similarity screen (BO panel): UI panel for face match result visualization; Compare Selfie vs. Document Portrait with score overlay,Terminé probable,moyenne,"`back-office` dans `CHANGELOG.md`; `biometrics` dans `code/backoffice/src/types/kyc.ts`; fichiers proches: `CHANGELOG.md`, `code/backoffice/src/types/kyc.ts`, `docs/BICEC-VERIPASS-VUE-ENSEMBLE.md`",22,e0a32751aaf4,2026-03-14,Merge pull request #196 from Ken-Andre/feat/infra-04-back-office,moyenne/faible: back-office,a7cefa962fea,2026-06-04,docs: add AGENTS.md and ADR-040 (accès back-office multi-agences),moyenne/faible: back-office,Utiliser les commits candidats pour dater le jalon; validation manuelle recommandée.
103,[BO-05] UI — Dossier Detail view (images + OCR fields),https://github.com/Ken-Andre/bicec-veripass/issues/103,Task,produit,,M4 - Back-Office MVP,UI — Dossier Detail view (images + OCR fields): Implement detailed view for a single dossier review; OCR field panel with modification badges,Terminé probable,haute,"`back-office` dans `CHANGELOG.md`; fichiers proches: `CHANGELOG.md`, `paddleocr_test/test_structure.py`, `code/mobile/src/views/kyc/SignatureScreen.test.tsx`",17,e0a32751aaf4,2026-03-14,Merge pull request #196 from Ken-Andre/feat/infra-04-back-office,moyenne/faible: back-office,a7cefa962fea,2026-06-04,docs: add AGENTS.md and ADR-040 (accès back-office multi-agences),moyenne/faible: back-office,Utiliser les commits candidats pour dater le jalon; validation manuelle recommandée.
102,"[BO-04] Integration — Side-by-Side ""Zoom + Compare"" viewer logic",https://github.com/Ken-Andre/bicec-veripass/issues/102,Task,produit,,M4 - Back-Office MVP,"Integration — Side-by-Side ""Zoom + Compare"" viewer logic: Implement the ""Zoom + Compare"" viewer for high-res images; Side-by-side display of Recto/Verso vs. OCR fields",Terminé probable,haute,"`back-office` dans `CHANGELOG.md`; `inspection` dans `code/backoffice/src/components/shared/DossierTimeline.tsx`; fichiers proches: `CHANGELOG.md`, `code/backoffice/src/components/shared/DossierTimeline.tsx`, `paddleocr_test/notebooks/01_interactive_ocr_testing.py`",21,e0a32751aaf4,2026-03-14,Merge pull request #196 from Ken-Andre/feat/infra-04-back-office,moyenne/faible: back-office,a7cefa962fea,2026-06-04,docs: add AGENTS.md and ADR-040 (accès back-office multi-agences),moyenne/faible: back-office,Utiliser les commits candidats pour dater le jalon; validation manuelle recommandée.
101,[BO-03] Backend — Agent allocation logic (Load balancing per agent),https://github.com/Ken-Andre/bicec-veripass/issues/101,Task,backend,,M4 - Back-Office MVP,Backend — Agent allocation logic (Load balancing per agent): Implement logic to distribute PENDING dossiers to active agents; Constraints: 2 to 10 active dossiers per agent (FR26b),Terminé probable,haute,"`back-office` dans `CHANGELOG.md`; `logic` dans `CHANGELOG.md`; fichiers proches: `CHANGELOG.md`, `paddleocr_test/notebooks/04_eneo_sanctions_exploration.py`, `code/backend/scripts/warmup_ocr.py`",20,a7cefa962fea,2026-06-04,docs: add AGENTS.md and ADR-040 (accès back-office multi-agences),"haute: back-office, agents",a7cefa962fea,2026-06-04,docs: add AGENTS.md and ADR-040 (accès back-office multi-agences),"haute: back-office, agents",Utiliser les commits candidats pour dater le jalon; validation manuelle recommandée.
100,[BO-02] UI — Agent Validation Desk Layout,https://github.com/Ken-Andre/bicec-veripass/issues/100,Task,produit,,M4 - Back-Office MVP,UI — Agent Validation Desk Layout: Implement the main Validation Desk layout for Jean; Side-bar for queue navigation,Terminé probable,haute,"`back-office` dans `CHANGELOG.md`; fichiers proches: `CHANGELOG.md`, `code/mobile/src/views/kyc/SignatureScreen.test.tsx`, `code/backoffice/src/components/shared/DossierTimeline.tsx`",14,c762cfa046f0,2026-05-28,"feat(backoffice): base path /back-office/, SystemLogs refactor, apiGetBlob, header/sidebar tweaks","haute: back-office, layout",c762cfa046f0,2026-05-28,"feat(backoffice): base path /back-office/, SystemLogs refactor, apiGetBlob, header/sidebar tweaks","haute: back-office, layout",Utiliser les commits candidats pour dater le jalon; validation manuelle recommandée.
99,[BO-01] Back-Office — Dossier Queue logic (FIFO/Priority),https://github.com/Ken-Andre/bicec-veripass/issues/99,Task,backend,,M4 - Back-Office MVP,"Back-Office — Dossier Queue logic (FIFO/Priority): Implement queue prioritization logic in backend; Sorting: (1) SLA Escalation, (2) Lowest confidence, (3) FIFO",Terminé probable,haute,"`back-office` dans `CHANGELOG.md`; `queue` dans `CHANGELOG.md`; fichiers proches: `CHANGELOG.md`, `code/backoffice/src/types/kyc.ts`, `code/mobile/src/views/kyc/SignatureScreen.test.tsx`",18,e0a32751aaf4,2026-03-14,Merge pull request #196 from Ken-Andre/feat/infra-04-back-office,moyenne/faible: back-office,a7cefa962fea,2026-06-04,docs: add AGENTS.md and ADR-040 (accès back-office multi-agences),moyenne/faible: back-office,Utiliser les commits candidats pour dater le jalon; validation manuelle recommandée.
98,[OFFLINE-08] Backend — Endpoint for partial upload resumption,https://github.com/Ken-Andre/bicec-veripass/issues/98,Task,backend,,M3 - AI Engine Complete,Backend — Endpoint for partial upload resumption: Implement backend support for partial/chunked uploads; Verification of received chunks vs. local SHA-256,Partiellement terminé,moyenne,"fichiers proches: `CHANGELOG.md`, `docs/consultant-integration-prompt.md`, `code/backoffice/src/types/aml.ts`",11,edb68dc01d1d,2026-02-28,docs(prd): refine hybrid OCR strategy and resilience patterns,moyenne/faible: resilience,d2f794e975c7,2026-06-06,"chore: reduce repo size - untrack agent dirs, rendered-word, bmad media","moyenne/faible: resilience, implement",Planifier le reste à faire ou expliciter le périmètre réellement livré.
97,[OFFLINE-07] Security — Encrypted storage in IndexedDB,https://github.com/Ken-Andre/bicec-veripass/issues/97,Task,security,,M3 - AI Engine Complete,Security — Encrypted storage in IndexedDB: Implement encryption for sensitive data stored in IndexedDB; Management of local encryption keys,Partiellement terminé,moyenne,"fichiers proches: `CHANGELOG.md`, `docs/consultant-integration-prompt.md`, `code/mobile/src/test/setup.ts`",11,bff65cb671f6,2026-02-02,"feat: Introduce comprehensive AI agent system with BMM, BMB, TEA, and CIS workflows, agents, and commands.","moyenne/faible: resilience, security",d2f794e975c7,2026-06-06,"chore: reduce repo size - untrack agent dirs, rendered-word, bmad media","moyenne/faible: resilience, security",Planifier le reste à faire ou expliciter le périmètre réellement livré.
96,[OFFLINE-06] Integration — ENTO/Blackout scenario persistence,https://github.com/Ken-Andre/bicec-veripass/issues/96,Task,testing,,M3 - AI Engine Complete,Integration — ENTO/Blackout scenario persistence: Implement tests for session persistence through full battery drain/shutdown; Ensure IndexedDB data survives browser tab closure,Trace faible / à vérifier,faible,"fichiers proches: `CHANGELOG.md`, `docs/consultant-integration-prompt.md`, `code/backend/alembic/env.py`",8,bff65cb671f6,2026-02-02,"feat: Introduce comprehensive AI agent system with BMM, BMB, TEA, and CIS workflows, agents, and commands.","moyenne/faible: resilience, integration",d2f794e975c7,2026-06-06,"chore: reduce repo size - untrack agent dirs, rendered-word, bmad media","moyenne/faible: resilience, integration",Vérifier manuellement les fichiers détectés avant de dater le jalon.
95,[OFFLINE-05] UI — Connectivity status indicator,https://github.com/Ken-Andre/bicec-veripass/issues/95,Task,mobile,,M3 - AI Engine Complete,UI — Connectivity status indicator: UI indicator for Connection status (Online/Offline); Instructional messages for offline resumption,Partiellement terminé,moyenne,"fichiers proches: `CHANGELOG.md`, `docs/consultant-integration-prompt.md`, `code/scripts/test-backup-restore.sh`",11,bff65cb671f6,2026-02-02,"feat: Introduce comprehensive AI agent system with BMM, BMB, TEA, and CIS workflows, agents, and commands.","moyenne/faible: resilience, status",d2f794e975c7,2026-06-06,"chore: reduce repo size - untrack agent dirs, rendered-word, bmad media","moyenne/faible: resilience, status",Planifier le reste à faire ou expliciter le périmètre réellement livré.
94,[OFFLINE-04] Integration — Progressive sync logic (Upload resume),https://github.com/Ken-Andre/bicec-veripass/issues/94,Task,produit,,M3 - AI Engine Complete,Integration — Progressive sync logic (Upload resume): Implement logic to resume uploads from last byte (if large); Check with server for already-received document parts,Terminé probable,haute,"`logic` dans `CHANGELOG.md`; fichiers proches: `CHANGELOG.md`, `docs/consultant-integration-prompt.md`, `code/mobile/src/utils/imageCompression.ts`",17,bff65cb671f6,2026-02-02,"feat: Introduce comprehensive AI agent system with BMM, BMB, TEA, and CIS workflows, agents, and commands.","moyenne/faible: resilience, integration, progressive",d2f794e975c7,2026-06-06,"chore: reduce repo size - untrack agent dirs, rendered-word, bmad media","moyenne/faible: resilience, integration, progressive",Utiliser les commits candidats pour dater le jalon; validation manuelle recommandée.
93,[OFFLINE-03] Mobile — Offline queue for capture events,https://github.com/Ken-Andre/bicec-veripass/issues/93,Task,mobile,,M3 - AI Engine Complete,"Mobile — Offline queue for capture events: Implement logic to queue document captures when offline; Tracking of pending uploads (Recto, Verso, Selfie)",Partiellement terminé,moyenne,"fichiers proches: `CHANGELOG.md`, `docs/consultant-integration-prompt.md`, `code/scripts/audit_sentry_issues.py`",12,bff65cb671f6,2026-02-02,"feat: Introduce comprehensive AI agent system with BMM, BMB, TEA, and CIS workflows, agents, and commands.","moyenne/faible: resilience, document",d2f794e975c7,2026-06-06,"chore: reduce repo size - untrack agent dirs, rendered-word, bmad media","moyenne/faible: resilience, implement",Planifier le reste à faire ou expliciter le périmètre réellement livré.
92,[OFFLINE-02] Mobile — IndexedDB for persistent UI state,https://github.com/Ken-Andre/bicec-veripass/issues/92,Task,"mobile, database",,M3 - AI Engine Complete,"Mobile — IndexedDB for persistent UI state: Implement IndexedDB storage for local session persistence; Store form data, document metadata, and temporary capture flags",Partiellement terminé,moyenne,"fichiers proches: `CHANGELOG.md`, `paddleocr_test/notebooks/ocr_utils.py`, `docs/consultant-integration-prompt.md`",12,bff65cb671f6,2026-02-02,"feat: Introduce comprehensive AI agent system with BMM, BMB, TEA, and CIS workflows, agents, and commands.","moyenne/faible: resilience, document",d2f794e975c7,2026-06-06,"chore: reduce repo size - untrack agent dirs, rendered-word, bmad media","moyenne/faible: resilience, implement",Planifier le reste à faire ou expliciter le périmètre réellement livré.
91,[OFFLINE-01] Mobile — Service Worker strategy for app shell,https://github.com/Ken-Andre/bicec-veripass/issues/91,Task,mobile,,M3 - AI Engine Complete,Mobile — Service Worker strategy for app shell: Configure Service Worker for offline app shell caching; Define caching strategies for static assets (Workbox),Terminé probable,haute,"`OFFLINE-01` dans `code/mobile/README.md`; `pwa` dans `CHANGELOG.md`; fichiers proches: `CHANGELOG.md`, `code/mobile/README.md`, `docs/consultant-integration-prompt.md`",21,edb68dc01d1d,2026-02-28,docs(prd): refine hybrid OCR strategy and resilience patterns,"haute: resilience, strategy",72af78ff9fed,2026-05-31,"refactor(mobile): extract livenessChallenge module, PWA hardening (manifest, startup images, service worker, CSP)","haute: pwa, service, worker",Utiliser les commits candidats pour dater le jalon; validation manuelle recommandée.
90,[KYC-SM-09] Integration — Automated state transitions (e.g. READY_FOR_OPS),https://github.com/Ken-Andre/bicec-veripass/issues/90,Task,produit,,M3 - AI Engine Complete,Integration — Automated state transitions (e.g. READY_FOR_OPS): Implement triggers for automated state transitions; Logic for PENDING_KYC -> READY_FOR_OPS upon AI success,Terminé probable,haute,"`PENDING_KYC` dans `code/backoffice/src/pages/validation/ValidationQueuePage.tsx`; `READY_FOR_OPS` dans `code/backoffice/src/types/kyc.ts`; `COMPLIANCE_REVIEW` dans `code/mobile/src/types/index.ts`; fichiers proches: `CHANGELOG.md`, `code/backoffice/src/types/kyc.ts`, `code/backoffice/src/pages/validation/ValidationQueuePage.tsx`",32,4dfb3bb7e04c,2026-05-18,"feat(kyc): add image processing, encryption utilities, and OCR merging logic",moyenne/faible: logic,4dfb3bb7e04c,2026-05-18,"feat(kyc): add image processing, encryption utilities, and OCR merging logic",moyenne/faible: logic,Utiliser les commits candidats pour dater le jalon; validation manuelle recommandée.
89,[KYC-SM-08] Backend — KYC session expiration logic (TTL),https://github.com/Ken-Andre/bicec-veripass/issues/89,Task,backend,,M3 - AI Engine Complete,Backend — KYC session expiration logic (TTL): Implement backend logic for KYC session TTL (e.g. 7 days for DRAFT); Cleanup script for abandoned sessions,Partiellement terminé,moyenne,"fichiers proches: `CHANGELOG.md`, `paddleocr_test/notebooks/ocr_utils.py`, `code/mobile/src/views/kyc/SignatureScreen.test.tsx`",10,,,,,,,,,Planifier le reste à faire ou expliciter le périmètre réellement livré.
88,[KYC-SM-07] UI — Role-based mobile screens (Gated by status),https://github.com/Ken-Andre/bicec-veripass/issues/88,Task,"mobile, demo",,M3 - AI Engine Complete,UI — Role-based mobile screens (Gated by status): Implement feature-gating logic based on access_level; RESTRICTED: Everything locked demo,Terminé probable,haute,"`access_level` dans `code/scripts/seed_kyc_compliance_visual_demo.py`; `RESTRICTED` dans `code/scripts/seed_kyc_compliance_visual_demo.py`; `LIMITED_ACCESS` dans `code/mobile/src/views/dashboard/DashboardPage.tsx`; fichiers proches: `code/scripts/seed_kyc_compliance_visual_demo.py`, `code/mobile/src/views/dashboard/DashboardPage.tsx`, `CHANGELOG.md`",31,,,,,,,,,Utiliser les commits candidats pour dater le jalon; validation manuelle recommandée.
87,[KYC-SM-06] Integration — KYC Status Polling logic,https://github.com/Ken-Andre/bicec-veripass/issues/87,Task,"frontend, mobile",,M3 - AI Engine Complete,"Integration — KYC Status Polling logic: Implement frontend polling service for status updates; Polling intervals: 30s foreground, 2m background (ADR-004)",Partiellement terminé,faible,"fichiers proches: `CHANGELOG.md`, `docs/AUDIT-REPORT-2026-03-19.md`, `code/mobile/tailwind.config.js`",11,,,,,,,,,Planifier le reste à faire ou expliciter le périmètre réellement livré.
86,[KYC-SM-05] UI — Mobile Status Dashboard (Client profile),https://github.com/Ken-Andre/bicec-veripass/issues/86,Task,mobile,,M3 - AI Engine Complete,"UI — Mobile Status Dashboard (Client profile): Implement mobile home screen showing current KYC progress; Visual indicators for ""In Review"", ""Information Needed"", ""Validated""",Partiellement terminé,moyenne,"fichiers proches: `CHANGELOG.md`, `code/backoffice/src/test/e2e/role-training.evidence.ts`, `code/mobile/src/views/kyc/SignatureScreen.test.tsx`",12,,,,,,,,,Planifier le reste à faire ou expliciter le périmètre réellement livré.
85,[KYC-SM-04] UI — Mobile Dossier Submission screen,https://github.com/Ken-Andre/bicec-veripass/issues/85,Task,"mobile, address",,M3 - AI Engine Complete,"UI — Mobile Dossier Submission screen: UI for final review before submission; Display completeness checklist (Cni, Liveness, Address, Consent)",Partiellement terminé,moyenne,"fichiers proches: `CHANGELOG.md`, `code/scripts/run_kyc_happy_path_acceptance.py`, `paddleocr_test/notebooks/ocr_utils.py`",11,,,,,,,,,Planifier le reste à faire ou expliciter le périmètre réellement livré.
84,[KYC-SM-03] Integration — Dossier submission to state machine,https://github.com/Ken-Andre/bicec-veripass/issues/84,Task,backend,,M3 - AI Engine Complete,Integration — Dossier submission to state machine: Implement POST /kyc/submit logic; Trigger validation checks before transition to PENDING_KYC,Terminé probable,haute,"`PENDING_KYC` dans `code/backoffice/src/pages/validation/ValidationQueuePage.tsx`; `api` dans `CHANGELOG.md`; `/kyc/submit` dans `code/scripts/run_kyc_happy_path_acceptance.py`; fichiers proches: `CHANGELOG.md`, `code/scripts/run_kyc_happy_path_acceptance.py`, `code/backoffice/src/pages/validation/ValidationQueuePage.tsx`",28,7389e8a82093,2026-04-30,"feat(banking): add banking module with cards, transfers, transactions, savings","haute: api, /kyc/submit",7389e8a82093,2026-04-30,"feat(banking): add banking module with cards, transfers, transactions, savings","haute: api, /kyc/submit",Utiliser les commits candidats pour dater le jalon; validation manuelle recommandée.
83,[KYC-SM-02] Backend — State Transition validation & enums,https://github.com/Ken-Andre/bicec-veripass/issues/83,Task,backend,,M3 - AI Engine Complete,Backend — State Transition validation & enums: Define Enums for KycStatus and AccessLevel; Implement state transition validation (guards),Terminé probable,haute,"`KycStatus` dans `code/backoffice/src/types/kyc.ts`; `AccessLevel` dans `code/backoffice/src/types/kyc.ts`; fichiers proches: `code/backoffice/src/types/kyc.ts`, `CHANGELOG.md`, `code/backoffice/src/pages/validation/ValidationDesk.tsx`",20,,,,,,,,,Utiliser les commits candidats pour dater le jalon; validation manuelle recommandée.
82,[KYC-SM-01] Backend — KYC Session State Machine (XState/Logic),https://github.com/Ken-Andre/bicec-veripass/issues/82,Task,backend,,M3 - AI Engine Complete,"Backend — KYC Session State Machine (XState/Logic): Implement core state machine logic for kyc_sessions; Handle states: DRAFT, PENDING_KYC, PENDING_INFO, COMPLIANCE_REVIEW, etc.",Terminé probable,haute,"`kyc_sessions` dans `code/scripts/seed_kyc_compliance_visual_demo.py`; `DRAFT` dans `CHANGELOG.md`; `PENDING_KYC` dans `code/backoffice/src/pages/validation/ValidationQueuePage.tsx`; fichiers proches: `CHANGELOG.md`, `code/backoffice/src/pages/validation/ValidationQueuePage.tsx`, `code/scripts/seed_kyc_compliance_visual_demo.py`",41,344971f7523e,2026-04-05,feat(kyc): overhaul context state and add verification screens (DRAFT),"haute: draft, state",f6f79589f3a8,2026-04-05,feat(backoffice): implement KYC funnel analytics hook (DRAFT),"haute: draft, state, machine",Utiliser les commits candidats pour dater le jalon; validation manuelle recommandée.
81,[BIO-12] Admin — Lockout 24h counter cleanup logic,https://github.com/Ken-Andre/bicec-veripass/issues/81,Task,security,,M3 - AI Engine Complete,Admin — Lockout 24h counter cleanup logic: Implement 24h lockout period for too many failed liveness sessions; Logic to track and reset lockout count based on IP/PhoneNumber,Terminé probable,haute,"`logic` dans `CHANGELOG.md`; fichiers proches: `CHANGELOG.md`, `code/backoffice/src/pages/LoginPage.tsx`, `code/scripts/audit_sentry_issues.py`",17,b01dff6fe16c,2026-04-09,fix: resolve ruff linting errors,"moyenne/faible: logic, admin, security",4dfb3bb7e04c,2026-05-18,"feat(kyc): add image processing, encryption utilities, and OCR merging logic",moyenne/faible: logic,Utiliser les commits candidats pour dater le jalon; validation manuelle recommandée.
80,[BIO-11] UI — 60s cooldown timer screen,https://github.com/Ken-Andre/bicec-veripass/issues/80,Task,mobile,,M3 - AI Engine Complete,UI — 60s cooldown timer screen: UI for LOCKED_LIVENESS state; 60-second countdown timer for session retry,Terminé probable,haute,"`LOCKED_LIVENESS` dans `code/backend/tests/unit/test_kyc_router_hash.py`; fichiers proches: `code/backend/tests/unit/test_kyc_router_hash.py`, `CHANGELOG.md`, `code/mobile/src/views/kyc/SubmitSuccessScreen.tsx`",14,,,,,,,,,Utiliser les commits candidats pour dater le jalon; validation manuelle recommandée.
79,[BIO-10] Integration — Deduplication logic (pg_trgm),https://github.com/Ken-Andre/bicec-veripass/issues/79,Task,backend,,M3 - AI Engine Complete,"Integration — Deduplication logic (pg_trgm): Implement identity deduplication check using pg_trgm; Fuzzy match on Name, Date of Birth, and NIU",Terminé probable,haute,"`pg_trgm` dans `code/backend/alembic/versions/012_aml.py`; `compliance` dans `CHANGELOG.md`; fichiers proches: `CHANGELOG.md`, `code/backend/alembic/versions/012_aml.py`, `docs/schema/ddl-complete.sql`",22,bff65cb671f6,2026-02-02,"feat: Introduce comprehensive AI agent system with BMM, BMB, TEA, and CIS workflows, agents, and commands.","moyenne/faible: compliance, integration",e6d9d20bda03,2026-05-29,"test: add classification UX proof + POV demo, KYC compliance visual demo, agent UX screenshots",moyenne/faible: compliance,Utiliser les commits candidats pour dater le jalon; validation manuelle recommandée.
78,[BIO-09] Integration — Global Dossier Confidence Score,https://github.com/Ken-Andre/bicec-veripass/issues/78,Task,produit,,M3 - AI Engine Complete,Integration — Global Dossier Confidence Score: Implement weighted scoring logic for global dossier confidence; Factors: OCR accuracy + Liveness score + Face match score + Coherence,Terminé probable,haute,"`logic` dans `CHANGELOG.md`; `scoring` dans `paddleocr_test/notebooks/ocr_utils.py`; `kyc_sessions` dans `code/scripts/seed_kyc_compliance_visual_demo.py`; fichiers proches: `CHANGELOG.md`, `paddleocr_test/notebooks/ocr_utils.py`, `code/scripts/seed_kyc_compliance_visual_demo.py`",28,4dfb3bb7e04c,2026-05-18,"feat(kyc): add image processing, encryption utilities, and OCR merging logic",moyenne/faible: logic,4dfb3bb7e04c,2026-05-18,"feat(kyc): add image processing, encryption utilities, and OCR merging logic",moyenne/faible: logic,Utiliser les commits candidats pour dater le jalon; validation manuelle recommandée.
77,[BIO-08] Backend — Service crop portrait CNI,https://github.com/Ken-Andre/bicec-veripass/issues/77,Task,backend,,M3 - AI Engine Complete,Backend — Service crop portrait CNI: Implement automated service to crop face portrait from CNI Recto; Use MediaPipe or OpenCV for face detection in document,Terminé probable,haute,"`biometrics` dans `code/backoffice/src/types/kyc.ts`; fichiers proches: `code/backoffice/src/types/kyc.ts`, `CHANGELOG.md`, `paddleocr_test/test_kyc.py`",17,,,,,,,,,Utiliser les commits candidats pour dater le jalon; validation manuelle recommandée.
76,[BIO-07] UI — Liveness instruction animations & feedback,https://github.com/Ken-Andre/bicec-veripass/issues/76,Task,mobile,,M3 - AI Engine Complete,UI — Liveness instruction animations & feedback: Design and implement gesture instruction animations; Real-time feedback bar for gesture progress,Terminé probable,haute,"`biometrics` dans `code/backoffice/src/types/kyc.ts`; fichiers proches: `code/backoffice/src/types/kyc.ts`, `CHANGELOG.md`, `paddleocr_test/notebooks/ocr_utils.py`",16,,,,,,,,,Utiliser les commits candidats pour dater le jalon; validation manuelle recommandée.
75,[BIO-06] Database — Biometric results table schema,https://github.com/Ken-Andre/bicec-veripass/issues/75,Task,database,,M3 - AI Engine Complete,"Database — Biometric results table schema: Alembic migration for biometric_results table; Columns: id, session_id, type, match_score, liveness_score, status, metadata, created_at",Terminé probable,haute,"`biometric_results` dans `code/backend/alembic/versions/d6e8c2e05497_initial_schema.py`; `kyc_sessions` dans `code/scripts/seed_kyc_compliance_visual_demo.py`; `documents` dans `paddleocr_test/test_api_connection.py`; fichiers proches: `code/scripts/seed_kyc_compliance_visual_demo.py`, `code/backend/alembic/versions/d6e8c2e05497_initial_schema.py`, `code/backoffice/src/types/kyc.ts`",52,f9ad3bba0eed,2026-02-13,feat: Add sample invoice documents and initial project configuration files for Kiro agent.,moyenne/faible: documents,75fcbc5c97fa,2026-03-09,"feat: Add comprehensive OCR guide for Cameroon ID cards, new PaddleOCR tests, and architectural planning documents.",moyenne/faible: documents,Utiliser les commits candidats pour dater le jalon; validation manuelle recommandée.
74,[BIO-05] Integration — 3-Strike Lockout state machine,https://github.com/Ken-Andre/bicec-veripass/issues/74,Task,mobile,,M3 - AI Engine Complete,Integration — 3-Strike Lockout state machine: Implement the 3-strike lockout logic for liveness failures; State transition to LOCKED_LIVENESS,Terminé probable,haute,"`LOCKED_LIVENESS` dans `code/backend/tests/unit/test_kyc_router_hash.py`; `kyc_sessions` dans `code/scripts/seed_kyc_compliance_visual_demo.py`; `biometrics` dans `code/backoffice/src/types/kyc.ts`; fichiers proches: `CHANGELOG.md`, `code/backoffice/src/types/kyc.ts`, `code/backend/tests/unit/test_kyc_router_hash.py`",31,4dfb3bb7e04c,2026-05-18,"feat(kyc): add image processing, encryption utilities, and OCR merging logic",moyenne/faible: logic,4dfb3bb7e04c,2026-05-18,"feat(kyc): add image processing, encryption utilities, and OCR merging logic",moyenne/faible: logic,Utiliser les commits candidats pour dater le jalon; validation manuelle recommandée.
73,[BIO-04] Backend — 1:1 Face Matching logic (Selfie vs CNI),https://github.com/Ken-Andre/bicec-veripass/issues/73,Task,backend,,M3 - AI Engine Complete,Backend — 1:1 Face Matching logic (Selfie vs CNI): Implement DeepFace 1:1 face matching matching; Compare cropped CNI portrait vs. liveness selfie,Terminé probable,haute,"`biometrics` dans `code/backoffice/src/types/kyc.ts`; fichiers proches: `code/backoffice/src/types/kyc.ts`, `CHANGELOG.md`, `paddleocr_test/notebooks/04_eneo_sanctions_exploration.py`",17,,,,,,,,,Utiliser les commits candidats pour dater le jalon; validation manuelle recommandée.
72,[BIO-03] Backend — Anti-spoofing scoring logic,https://github.com/Ken-Andre/bicec-veripass/issues/72,Task,backend,,M3 - AI Engine Complete,Backend — Anti-spoofing scoring logic: Implement MiniFASNet anti-spoofing score calculation; Define threshold for liveness pass/fail,Terminé probable,haute,"`biometric_results` dans `code/backend/alembic/versions/d6e8c2e05497_initial_schema.py`; `biometrics` dans `code/backoffice/src/types/kyc.ts`; fichiers proches: `code/backend/alembic/versions/d6e8c2e05497_initial_schema.py`, `code/backoffice/src/types/kyc.ts`, `CHANGELOG.md`",21,,,,,,,,,Utiliser les commits candidats pour dater le jalon; validation manuelle recommandée.
71,[BIO-02] Backend — Biometrics Service (DeepFace + MiniFASNet),https://github.com/Ken-Andre/bicec-veripass/issues/71,Task,"backend, infrastructure, ai-engine",,M3 - AI Engine Complete,Backend — Biometrics Service (DeepFace + MiniFASNet): Setup DeepFace and MiniFASNet backend services; Optimize models for deployment on on-premise infrastructure,Terminé probable,haute,"`biometrics` dans `code/backoffice/src/types/kyc.ts`; fichiers proches: `CHANGELOG.md`, `code/backoffice/src/types/kyc.ts`, `code/README.md`",16,,,,,,,,,Utiliser les commits candidats pour dater le jalon; validation manuelle recommandée.
70,[BIO-01] Mobile — Liveness Capture logic (MediaPipe gestures),https://github.com/Ken-Andre/bicec-veripass/issues/70,Task,"backend, mobile",,M3 - AI Engine Complete,"Mobile — Liveness Capture logic (MediaPipe gestures): Implement gesture-based liveness capture (Smile, Blink, Turn); Real-time landmark detection using MediaPipe WASM",Partiellement terminé,faible,"`biometrics` dans `code/backoffice/src/types/kyc.ts`; fichiers proches: `code/backoffice/src/types/kyc.ts`, `CHANGELOG.md`, `docs/diagrams/flows/liveness-verification-task-flow.md`",16,,,,,,,,,Planifier le reste à faire ou expliciter le périmètre réellement livré.
69,[OCR-07] UI — Field override logic & human tagging,https://github.com/Ken-Andre/bicec-veripass/issues/69,Task,mobile,,M3 - AI Engine Complete,UI — Field override logic & human tagging: Implement manual field override logic for clients; Flag overridden fields as human_corrected=true,Terminé probable,haute,"`human_corrected=true` dans `code/backend/app/modules/kyc/router.py`; `human_corrected` dans `code/backoffice/src/pages/validation/EvidenceViewerPage.tsx`; fichiers proches: `code/backoffice/src/pages/validation/EvidenceViewerPage.tsx`, `code/backend/app/modules/kyc/router.py`, `CHANGELOG.md`",21,,,,,,,,,Utiliser les commits candidats pour dater le jalon; validation manuelle recommandée.
68,[OCR-06] UI — Mobile Review Screen with confidence badges,https://github.com/Ken-Andre/bicec-veripass/issues/68,Task,mobile,,M3 - AI Engine Complete,"UI — Mobile Review Screen with confidence badges: Design and implement Review screen in mobile PWA; Display confidence badges: Green (>=85%), Orange (60-84%), Red (<60%)",Partiellement terminé,moyenne,"fichiers proches: `CHANGELOG.md`, `paddleocr_test/notebooks/01_interactive_ocr_testing.py`, `code/mobile/src/views/dashboard/AtmFinderScreen.tsx`",12,,,,,,,,,Planifier le reste à faire ou expliciter le périmètre réellement livré.
67,[OCR-05] Database — OCR results table schema,https://github.com/Ken-Andre/bicec-veripass/issues/67,Task,database,,M3 - AI Engine Complete,"Database — OCR results table schema: Alembic migration for ocr_fields table; Columns: id, document_id, field_name, field_value, confidence, engine, human_corrected, created_at",Terminé probable,haute,"`ocr_fields` dans `code/backoffice/src/pages/validation/EvidenceViewerPage.tsx`; `document_id` dans `code/scripts/seed_kyc_compliance_visual_demo.py`; `field_name` dans `paddleocr_test/notebooks/ocr_utils.py`; fichiers proches: `code/backoffice/src/pages/validation/EvidenceViewerPage.tsx`, `paddleocr_test/notebooks/ocr_utils.py`, `code/scripts/seed_kyc_compliance_visual_demo.py`",41,,,,,,,,,Utiliser les commits candidats pour dater le jalon; validation manuelle recommandée.
66,[OCR-04] Integration — Hybrid OCR Router (ADR-003),https://github.com/Ken-Andre/bicec-veripass/issues/66,Task,"backend, ai-engine",,M3 - AI Engine Complete,Integration — Hybrid OCR Router (ADR-003): Implement router logic specified in ADR-003; Threshold check (>=85% confidence),Partiellement terminé,faible,"fichiers proches: `CHANGELOG.md`, `code/backoffice/src/pages/analytics/OcrObservabilityPage.tsx`, `docs/consultant-integration-prompt.md`",11,,,,,,,,,Planifier le reste à faire ou expliciter le périmètre réellement livré.
65,[OCR-03] Backend — Celery Worker for OCR async jobs,https://github.com/Ken-Andre/bicec-veripass/issues/65,Task,backend,,M3 - AI Engine Complete,Backend — Celery Worker for OCR async jobs: Setup Celery worker with concurrency=1 for GLM-OCR; Define separate queue glm_ocr_jobs,Terminé probable,haute,"`concurrency=1` dans `code/backend/app/tasks_demo.py`; `glm_ocr_jobs` dans `code/test_celery.py`; `celery` dans `CHANGELOG.md`; fichiers proches: `CHANGELOG.md`, `code/backend/app/tasks_demo.py`, `code/test_celery.py`",26,960982b5d662,2026-05-28,"refactor(tasks): rewrite KYC/Sanctions celery tasks with SQLAlchemy 2.0 async, add NIU duplicate SequenceMatcher","haute: celery, async",960982b5d662,2026-05-28,"refactor(tasks): rewrite KYC/Sanctions celery tasks with SQLAlchemy 2.0 async, add NIU duplicate SequenceMatcher","haute: celery, async",Utiliser les commits candidats pour dater le jalon; validation manuelle recommandée.
64,[OCR-02] Backend — GLM-OCR Service (Fallback),https://github.com/Ken-Andre/bicec-veripass/issues/64,Task,"backend, ai-engine",,M3 - AI Engine Complete,Backend — GLM-OCR Service (Fallback): Implement GLM-OCR 0.9B fallback service; Handle complex semantic extraction for low-confidence fields,Terminé probable,haute,"`OCR-02` dans `code/CONTRIBUTING.md`; fichiers proches: `code/CONTRIBUTING.md`, `CHANGELOG.md`, `code/mobile/src/views/kyc/SignatureScreen.test.tsx`",14,,,,,,,,,Utiliser les commits candidats pour dater le jalon; validation manuelle recommandée.
63,[OCR-01] Backend — PaddleOCR Service (Primary),https://github.com/Ken-Andre/bicec-veripass/issues/63,Task,"backend, ai-engine",,M3 - AI Engine Complete,Backend — PaddleOCR Service (Primary): Implement PaddleOCR PP-OCRv5 primary service; Optimize for CPU-only execution on i3,Trace faible / à vérifier,faible,"fichiers proches: `CHANGELOG.md`, `paddleocr_test/test_structure.py`, `code/scripts/test-backup-restore.sh`",9,,,,,,,,,Vérifier manuellement les fichiers détectés avant de dater le jalon.
62,[CAPTURE-08] Security — SHA-256 integrity hash calculation,https://github.com/Ken-Andre/bicec-veripass/issues/62,Task,"backend, security",,M2 - Capture MVP,Security — SHA-256 integrity hash calculation: Implement backend logic to compute SHA-256 for uploaded files; Compare with client-provided hash (if available),Partiellement terminé,faible,"`CAPTURE-08` dans `code/backend/tests/unit/test_document_storage.py`; fichiers proches: `CHANGELOG.md`, `code/backend/tests/unit/test_document_storage.py`, `docs/progress-tracker-M0-M1.md`",18,85f58375b7f6,2026-03-20,"[AUTH-01][CAPTURE-08][ADMIN-02] Mobile: SMS OTP via Celery with Email fallback & Security: SHA-256 integrity utility and Input Validation (#47, #62, #175)","haute: référence issue #62, capture-08",85f58375b7f6,2026-03-20,"[AUTH-01][CAPTURE-08][ADMIN-02] Mobile: SMS OTP via Celery with Email fallback & Security: SHA-256 integrity utility and Input Validation (#47, #62, #175)","haute: référence issue #62, capture-08",Planifier le reste à faire ou expliciter le périmètre réellement livré.
61,[CAPTURE-07] Database — Documents table migration,https://github.com/Ken-Andre/bicec-veripass/issues/61,Task,database,,M2 - Capture MVP,"Database — Documents table migration: Alembic migration for documents table; Columns: id, session_id, type, file_path, hash_sha256, status, created_at",Terminé probable,haute,"`documents` dans `paddleocr_test/test_api_connection.py`; `kyc_sessions` dans `code/scripts/seed_kyc_compliance_visual_demo.py`; `session_id` dans `code/scripts/seed_kyc_compliance_visual_demo.py`; fichiers proches: `code/scripts/seed_kyc_compliance_visual_demo.py`, `code/scripts/test-backup-restore.sh`, `paddleocr_test/test_api_connection.py`",37,af6c0aefef58,2026-02-16,"docs(planning): Establish core project planning documents including PRD, UX spec, and implementation plan, alongside detailed adversarial review findings.","haute: documents, implementation",af6c0aefef58,2026-02-16,"docs(planning): Establish core project planning documents including PRD, UX spec, and implementation plan, alongside detailed adversarial review findings.","haute: documents, implementation",Utiliser les commits candidats pour dater le jalon; validation manuelle recommandée.
60,[CAPTURE-06] Integration — MediaPipe WASM client-side quality gate,https://github.com/Ken-Andre/bicec-veripass/issues/60,Task,"mobile, ai-engine",,M2 - Capture MVP,Integration — MediaPipe WASM client-side quality gate: Load and configure MediaPipe WASM in PWA; Implement blur and glare detection logic,Partiellement terminé,moyenne,"fichiers proches: `CHANGELOG.md`, `docs/progress-tracker-M0-M1.md`, `code/mobile/src/services/mediapipeService.ts`",12,,,,,,,,,Planifier le reste à faire ou expliciter le périmètre réellement livré.
59,[CAPTURE-05] UI — Camera Preview & Framing Overlay,https://github.com/Ken-Andre/bicec-veripass/issues/59,Task,mobile,,M2 - Capture MVP,"UI — Camera Preview & Framing Overlay: Design and implement camera overlay (Rectangle guide); Real-time instructional text (e.g., ""Approchez la carte"")",Partiellement terminé,moyenne,"fichiers proches: `CHANGELOG.md`, `code/mobile/src/views/kyc/CniCaptureScreen.tsx`, `docs/progress-tracker-M0-M1.md`",11,,,,,,,,,Planifier le reste à faire ou expliciter le périmètre réellement livré.
58,[CAPTURE-04] Infrastructure — Docker filesystem volume for doc storage,https://github.com/Ken-Andre/bicec-veripass/issues/58,Task,infrastructure,,M2 - Capture MVP,Infrastructure — Docker filesystem volume for doc storage: Configure persistent Docker volume for image storage (/data/documents); Implement directory structure per session,Terminé probable,haute,"`/data/documents` dans `code/mobile/tests/e2e/day1-stability.evidence.ts`; fichiers proches: `CHANGELOG.md`, `code/mobile/tests/e2e/day1-stability.evidence.ts`, `docs/progress-tracker-M0-M1.md`",18,82ac2a13ea54,2026-03-27,feat: add backup configuration and enhance infrastructure,"moyenne/faible: /data/documents, infrastructure, documents",82ac2a13ea54,2026-03-27,feat: add backup configuration and enhance infrastructure,"moyenne/faible: /data/documents, infrastructure, documents",Utiliser les commits candidats pour dater le jalon; validation manuelle recommandée.
57,[CAPTURE-03] Backend — Multipart upload handler for documents,https://github.com/Ken-Andre/bicec-veripass/issues/57,Task,backend,,M2 - Capture MVP,Backend — Multipart upload handler for documents: Implement POST /kyc/capture/cni endpoint; Handle multipart/form-data with image validation,Terminé probable,haute,"`api` dans `CHANGELOG.md`; `/kyc/capture/cni` dans `code/scripts/run_kyc_happy_path_acceptance.py`; fichiers proches: `CHANGELOG.md`, `code/scripts/run_kyc_happy_path_acceptance.py`, `docs/progress-tracker-M0-M1.md`",23,a4f07187c35d,2026-02-27,"docs: Add ADR-001 defining access states and transitions, and refine project documentation regarding Core Banking integration and IBU mock API.",moyenne/faible: api,6f4e2bd012e6,2026-06-03,feat(backoffice): analytics page and evidence viewer with API/dossier service updates,moyenne/faible: api,Utiliser les commits candidats pour dater le jalon; validation manuelle recommandée.
56,[CAPTURE-02] Mobile — CNI Verso Capture logic,https://github.com/Ken-Andre/bicec-veripass/issues/56,Task,mobile,,M2 - Capture MVP,Mobile — CNI Verso Capture logic: Implement transition from Recto to Verso capture; Reuse camera logic and framing overlay,Partiellement terminé,moyenne,"fichiers proches: `CHANGELOG.md`, `docs/progress-tracker-M0-M1.md`, `code/mobile/src/views/kyc/SignatureScreen.test.tsx`",13,,,,,,,,,Planifier le reste à faire ou expliciter le périmètre réellement livré.
55,[CAPTURE-01] Mobile — CNI Recto Capture logic,https://github.com/Ken-Andre/bicec-veripass/issues/55,Task,mobile,,M2 - Capture MVP,Mobile — CNI Recto Capture logic: Implement camera access logic in PWA; Handle frame capture and conversion to Blob,Terminé probable,haute,"`CAPTURE-01` dans `code/mobile/README.md`; fichiers proches: `CHANGELOG.md`, `code/mobile/README.md`, `paddleocr_test/test_kyc.py`",17,,,,,,,,,Utiliser les commits candidats pour dater le jalon; validation manuelle recommandée.
39,Story 8.3: Account Management Dashboard & Status-Based Gating,https://github.com/Ken-Andre/bicec-veripass/issues/39,Story,"frontend, mobile, demo",,M6 - Analytics & Demo,"Story 8.3: Account Management Dashboard & Status-Based Gating: Cash-In (deposits), View balance, Account settings unlocked; Outbound transfers, Cash-Out, Crypto, Savings, Investment, Cards show padlock icon: ""Complétez votre NIU pour débloquer""",Terminé probable,haute,"`access_level` dans `code/scripts/seed_kyc_compliance_visual_demo.py`; `RESTRICTED` dans `code/scripts/seed_kyc_compliance_visual_demo.py`; `LIMITED_ACCESS` dans `code/mobile/src/views/dashboard/DashboardPage.tsx`; fichiers proches: `code/mobile/src/views/dashboard/DashboardPage.tsx`, `code/scripts/seed_kyc_compliance_visual_demo.py`, `code/backoffice/src/test/e2e/kyc-compliance-visual-demo.evidence.ts`",34,87f9ff7ab2ec,2026-05-22,test(mobile): add settings official channel to evidence tests,"moyenne/faible: disabled, settings",87f9ff7ab2ec,2026-05-22,test(mobile): add settings official channel to evidence tests,"moyenne/faible: disabled, settings",Utiliser les commits candidats pour dater le jalon; validation manuelle recommandée.
38,Story 8.2: Use-Case Personalization Selection,https://github.com/Ken-Andre/bicec-veripass/issues/38,Story,"frontend, mobile, demo",,M6 - Analytics & Demo,Story 8.2: Use-Case Personalization Selection: Selections stored locally (IndexedDB/State); Choices saved to server (PATCH /kyc/session/preferences {use_cases: [...]}) upon form submission,Terminé probable,haute,"`use_cases` dans `code/backend/app/routers/demo.py`; fichiers proches: `code/backend/app/routers/demo.py`, `CHANGELOG.md`, `code/scripts/audit_sentry_issues.py`",15,,,,,,,,,Utiliser les commits candidats pour dater le jalon; validation manuelle recommandée.
37,Story 8.1: Plan Personalization Screen (Standard / Premium / Ultra),https://github.com/Ken-Andre/bicec-veripass/issues/37,Story,"backend, frontend, mobile, demo",,M6 - Analytics & Demo,"Story 8.1: Plan Personalization Screen (Standard / Premium / Ultra): Swipeable tab interface showing Standard, Premium, and Ultra plans; Each plan shows savings interest rate (e.g., Ultra 4.75%), transaction fees, features",Terminé probable,haute,"`PENDING_KYC` dans `code/backoffice/src/pages/validation/ValidationQueuePage.tsx`; fichiers proches: `code/backoffice/src/pages/validation/ValidationQueuePage.tsx`, `CHANGELOG.md`, `code/mobile/vite.config.ts`",14,,,,,,,,,Utiliser les commits candidats pour dater le jalon; validation manuelle recommandée.
36,Story 7.4: COBAC Compliance Pack Export,https://github.com/Ken-Andre/bicec-veripass/issues/36,Story,produit,,M6 - Analytics & Demo,"Story 7.4: COBAC Compliance Pack Export: A downloadable archive (.zip) is produced; Contains PDF summary: client identity, OCR fields, biometric scores, agent decisions, dates",Terminé probable,haute,"`audit_logs` dans `code/backend/tests/test_rbac.py`; fichiers proches: `CHANGELOG.md`, `code/backend/tests/test_rbac.py`, `code/scripts/test-backup-docker-images.sh`",16,,,,,,,,,Utiliser les commits candidats pour dater le jalon; validation manuelle recommandée.
35,Story 7.3: Immutable SHA-256 Audit Log Viewer,https://github.com/Ken-Andre/bicec-veripass/issues/35,Story,"security, aml, demo",,M6 - Analytics & Demo,"Story 7.3: Immutable SHA-256 Audit Log Viewer: Chronological list of events with: event type, actor (user/agent ID), timestamp, IP; SHA-256 hash displayed for the event payload",Terminé probable,haute,"`DOSSIER_APPROVED` dans `code/mobile/src/views/dashboard/NotificationsScreen.tsx`; `DOSSIER_REJECTED` dans `code/mobile/src/views/dashboard/NotificationsScreen.tsx`; `AML_CLEARED` dans `code/backoffice/src/types/kyc.ts`; fichiers proches: `code/mobile/src/views/dashboard/NotificationsScreen.tsx`, `CHANGELOG.md`, `code/backoffice/src/types/kyc.ts`",31,,,,,,,,,Utiliser les commits candidats pour dater le jalon; validation manuelle recommandée.
34,Story 7.2: Funnel Drop-Off Analytics,https://github.com/Ken-Andre/bicec-veripass/issues/34,Story,analytics,,M6 - Analytics & Demo,Story 7.2: Funnel Drop-Off Analytics: Shows conversion rates at each step: Inscription → CNI Recto → CNI Verso → Liveness → Adresse → NIU → Consentement → Soumis → Approuvé → Activé; Can filter by date range and agency,Partiellement terminé,faible,"fichiers proches: `CHANGELOG.md`, `docs/BICEC-VERIPASS-VUE-ENSEMBLE.md`, `docs/articles/guide-complet-ocr-systeme-production-cni-cameroun.md`",13,,,,,,,,,Planifier le reste à faire ou expliciter le périmètre réellement livré.
33,Story 7.1: SLA & Operational Health Dashboard (R/Y/G),https://github.com/Ken-Andre/bicec-veripass/issues/33,Story,analytics,,M6 - Analytics & Demo,"Story 7.1: SLA & Operational Health Dashboard (R/Y/G): Status tiles visible: Agent Queue SLA (% within target), Liveness Failure Rate, Duplicate Alert Rate, Amplitude Batch Success Rate, System Health (FastAPI, Postgres, Redis); Colored states: GREEN (<threshold), YELLOW (approaching), RED (exceeded)",Partiellement terminé,moyenne,"fichiers proches: `CHANGELOG.md`, `code/backoffice/src/test/e2e/thomas-operational-audit.evidence.ts`, `paddleocr_test/notebooks/ocr_utils.py`",12,,,,,,,,,Planifier le reste à faire ou expliciter le périmètre réellement livré.
32,Story 6.4: Agency CRUD Management & Amplitude Provisioning Monitor,https://github.com/Ken-Andre/bicec-veripass/issues/32,Story,aml,,M4 - Back-Office MVP,"Story 6.4: Agency CRUD Management & Amplitude Provisioning Monitor: He can Create, Read, Update, Deactivate agencies (CRUD); Agency fields: Name, region, zone coordinates, max agent capacity",Terminé probable,haute,"`READY_FOR_OPS` dans `code/backoffice/src/types/kyc.ts`; `provisioning_batch` dans `code/backend/alembic/versions/d6e8c2e05497_initial_schema.py`; `PROVISIONING` dans `code/backoffice/src/pages/compliance/BatchMonitorPage.tsx`; fichiers proches: `CHANGELOG.md`, `code/mobile/src/views/kyc/SubmitSuccessScreen.tsx`, `code/backoffice/src/types/kyc.ts`",38,d27ed5ff2b9a,2026-04-13,Merge pull request #322 from Ken-Andre/CI-node-patch-1,haute: référence issue #32,de7897f62788,2026-05-23,Merge pull request #321 from Ken-Andre/develop,haute: référence issue #32,Utiliser les commits candidats pour dater le jalon; validation manuelle recommandée.
31,Story 6.3: Identity Conflict Resolution (Conflict Resolver),https://github.com/Ken-Andre/bicec-veripass/issues/31,Story,aml,,M4 - Back-Office MVP,"Story 6.3: Identity Conflict Resolution (Conflict Resolver): Side-by-side view: new dossier vs. suspected existing client record; Actions available: ""Confirmer comme même personne (Lier)"" or ""Rejeter comme fraude""",Terminé probable,haute,"`audit_logs` dans `code/backend/tests/test_rbac.py`; `REJECTED` dans `code/backoffice/src/types/kyc.ts`; fichiers proches: `code/backend/tests/test_rbac.py`, `code/backoffice/src/types/kyc.ts`, `CHANGELOG.md`",23,,,,,,,,,Utiliser les commits candidats pour dater le jalon; validation manuelle recommandée.
30,Story 6.2: AML Alert Review & PEP Screening,https://github.com/Ken-Andre/bicec-veripass/issues/30,Story,aml,,M4 - Back-Office MVP,"Story 6.2: AML Alert Review & PEP Screening: Thomas sees match score and matching entry details; Side-by-side verification panel: client profile vs. PEP/Sanctions entry (name, DOB, country)",Terminé probable,haute,"`COMPLIANCE_REVIEW` dans `code/mobile/src/types/index.ts`; `PENDING_KYC` dans `code/backoffice/src/pages/validation/ValidationQueuePage.tsx`; `AML_CLEARED` dans `code/backoffice/src/types/kyc.ts`; fichiers proches: `CHANGELOG.md`, `code/mobile/src/types/index.ts`, `code/backoffice/src/pages/validation/ValidationQueuePage.tsx`",39,e6d9d20bda03,2026-05-29,"test: add classification UX proof + POV demo, KYC compliance visual demo, agent UX screenshots","moyenne/faible: disabled, alert, compliance",e6d9d20bda03,2026-05-29,"test: add classification UX proof + POV demo, KYC compliance visual demo, agent UX screenshots","moyenne/faible: disabled, alert, compliance",Utiliser les commits candidats pour dater le jalon; validation manuelle recommandée.
29,Story 6.1: PEP/Sanctions List Seeding & Weekly Cron Sync,https://github.com/Ken-Andre/bicec-veripass/issues/29,Story,"backend, database, aml",,M4 - Back-Office MVP,Story 6.1: PEP/Sanctions List Seeding & Weekly Cron Sync: Downloads latest lists from OpenSanctions/UN/EU/OFAC; Normalizes and upserts records into pep_sanctions PostgreSQL table,Terminé probable,haute,"`pep_sanctions` dans `code/scripts/seed_kyc_compliance_visual_demo.py`; `audit_logs` dans `code/backend/tests/test_rbac.py`; fichiers proches: `CHANGELOG.md`, `code/scripts/seed_kyc_compliance_visual_demo.py`, `code/backend/tests/test_rbac.py`",22,,,,,,,,,Utiliser les commits candidats pour dater le jalon; validation manuelle recommandée.
28,Story 5.3: Jean's Decision Actions (Approve / Reject / Request Info),https://github.com/Ken-Andre/bicec-veripass/issues/28,Story,produit,,M4 - Back-Office MVP,Story 5.3: Jean's Decision Actions (Approve / Reject / Request Info): kyc_session status → READY_FOR_OPS; Audit log event DOSSIER_APPROVED recorded,Terminé probable,haute,"`kyc_session` dans `code/scripts/seed_kyc_compliance_visual_demo.py`; `READY_FOR_OPS` dans `code/backoffice/src/types/kyc.ts`; `DOSSIER_APPROVED` dans `code/mobile/src/views/dashboard/NotificationsScreen.tsx`; fichiers proches: `code/backoffice/src/types/kyc.ts`, `code/mobile/src/views/dashboard/NotificationsScreen.tsx`, `code/scripts/seed_kyc_compliance_visual_demo.py`",43,,,,,,,,,Utiliser les commits candidats pour dater le jalon; validation manuelle recommandée.
27,"Story 5.2: Side-by-Side Evidence Inspector (""Zoom + Compare"")",https://github.com/Ken-Andre/bicec-veripass/issues/27,Story,frontend,,M4 - Back-Office MVP,"Story 5.2: Side-by-Side Evidence Inspector (""Zoom + Compare""): CNI Recto, Verso, bill, and selfie are displayed as high-res images with pan/zoom capability; Extracted OCR fields are displayed in an adjacent panel",Terminé probable,haute,"`audit_logs` dans `code/backend/tests/test_rbac.py`; fichiers proches: `code/backend/tests/test_rbac.py`, `CHANGELOG.md`, `docs/schema/ddl-complete.sql`",17,,,,,,,,,Utiliser les commits candidats pour dater le jalon; validation manuelle recommandée.
26,Story 5.1: Jean's Prioritized Dossier Queue,https://github.com/Ken-Andre/bicec-veripass/issues/26,Story,frontend,,M4 - Back-Office MVP,"Story 5.1: Jean's Prioritized Dossier Queue: He sees a queue of dossiers with status=PENDING_KYC; Sorting priority: (1) Escalated SLA flags first, (2) Lowest global_confidence_score, (3) FIFO",Partiellement terminé,moyenne,"fichiers proches: `CHANGELOG.md`, `paddleocr_test/notebooks/ocr_utils.py`, `docs/schema/ddl-complete.sql`",12,,,,,,,,,Planifier le reste à faire ou expliciter le périmètre réellement livré.
25,Story 4.4: Global Dossier Confidence Score & Duplicate Detection,https://github.com/Ken-Andre/bicec-veripass/issues/25,Story,produit,,M3 - AI Engine Complete,Story 4.4: Global Dossier Confidence Score & Duplicate Detection: Computes single weighted confidence score: OCR accuracy + liveness + face match + coherence; Score stored in kyc_sessions.global_confidence_score,Terminé probable,haute,"`users` dans `CHANGELOG.md`; `pg_trgm` dans `code/backend/alembic/versions/012_aml.py`; `kyc_sessions` dans `code/scripts/seed_kyc_compliance_visual_demo.py`; fichiers proches: `CHANGELOG.md`, `code/backend/alembic/versions/012_aml.py`, `code/scripts/seed_kyc_compliance_visual_demo.py`",31,c5bc962c3365,2026-05-03,chore: backend linting and shared infrastructure updates,"haute: users, kyc_sessions",c5bc962c3365,2026-05-03,chore: backend linting and shared infrastructure updates,"haute: users, kyc_sessions",Utiliser les commits candidats pour dater le jalon; validation manuelle recommandée.
24,Story 4.3: Biometric Face Matching (DeepFace) & Liveness Scoring (MiniFASNet),https://github.com/Ken-Andre/bicec-veripass/issues/24,Story,"security, ai-engine",,M3 - AI Engine Complete,Story 4.3: Biometric Face Matching (DeepFace) & Liveness Scoring (MiniFASNet): DeepFace performs 1:1 face matching and returns a similarity score; MiniFASNet returns an anti-spoofing/liveness score,Terminé probable,haute,"`biometric_results` dans `code/backend/alembic/versions/d6e8c2e05497_initial_schema.py`; fichiers proches: `code/backend/alembic/versions/d6e8c2e05497_initial_schema.py`, `CHANGELOG.md`, `paddleocr_test/notebooks/ocr_utils.py`",17,,,,,,,,,Utiliser les commits candidats pour dater le jalon; validation manuelle recommandée.
23,Story 4.2: GLM-OCR Fallback & Bill Semantic Extraction (Celery),https://github.com/Ken-Andre/bicec-veripass/issues/23,Story,"backend, ai-engine",,M3 - AI Engine Complete,Story 4.2: GLM-OCR Fallback & Bill Semantic Extraction (Celery): Worker runs sequentially (concurrency=1) to prevent CPU resource contention with FastAPI/PaddleOCR; Result is returned within 10-30 seconds (async execution is acceptable for back-office review),Terminé probable,haute,"`glm_ocr_jobs` dans `code/test_celery.py`; `ocr_fields` dans `code/backoffice/src/pages/validation/EvidenceViewerPage.tsx`; fichiers proches: `CHANGELOG.md`, `code/test_celery.py`, `code/backoffice/src/pages/validation/EvidenceViewerPage.tsx`",20,,,,,,,,,Utiliser les commits candidats pour dater le jalon; validation manuelle recommandée.
22,Story 4.1: PaddleOCR PP-OCRv5 Primary CNI Extraction Service,https://github.com/Ken-Andre/bicec-veripass/issues/22,Story,"backend, ai-engine",,M3 - AI Engine Complete,"Story 4.1: PaddleOCR PP-OCRv5 Primary CNI Extraction Service: Extracted fields: Nom, Prénom, Date de Naissance, Numéro CNI, Date de Délivrance, Lieu; Per-field confidence score returned",Terminé probable,moyenne,"`ocr_fields` dans `code/backoffice/src/pages/validation/EvidenceViewerPage.tsx`; `glm_ocr_jobs` dans `code/test_celery.py`; fichiers proches: `code/backoffice/src/pages/validation/EvidenceViewerPage.tsx`, `code/test_celery.py`, `CHANGELOG.md`",22,,,,,,,,,Utiliser les commits candidats pour dater le jalon; validation manuelle recommandée.
21,Story 3.4: Digital Consent Checkboxes & Dossier Submission,https://github.com/Ken-Andre/bicec-veripass/issues/21,Story,"mobile, address",,M3 - AI Engine Complete,"Story 3.4: Digital Consent Checkboxes & Dossier Submission: Three separate checkboxes: ""J'accepte les CGU"", ""J'accepte la Politique de Confidentialité"", ""J'accepte le traitement de mes données biométriques (Loi 2024-017)""; ""Soumettre mon dossier"" button is disabled until all three are checked",Terminé probable,haute,"`audit_logs` dans `code/backend/tests/test_rbac.py`; `kyc_session.status` dans `code/backend/app/modules/kyc/router.py`; `/kyc/submit` dans `code/scripts/run_kyc_happy_path_acceptance.py`; fichiers proches: `code/scripts/run_kyc_happy_path_acceptance.py`, `code/backend/tests/test_rbac.py`, `code/backend/app/modules/kyc/router.py`",34,,,,,,,,,Utiliser les commits candidats pour dater le jalon; validation manuelle recommandée.
20,Story 3.3: NIU Declaration or Upload (Regex validation + LIMITED_ACCESS flag),https://github.com/Ken-Andre/bicec-veripass/issues/20,Story,"mobile, address",critical,M3 - AI Engine Complete,Story 3.3: NIU Declaration or Upload (Regex validation + LIMITED_ACCESS flag): System validates format via Regex (Cameroonian NIU format); If valid → session flagged niu_declarative=true,Terminé probable,haute,"`niu_declarative=true` dans `code/scripts/seed_kyc_compliance_visual_demo.py`; `access_level` dans `code/scripts/seed_kyc_compliance_visual_demo.py`; `LIMITED_ACCESS` dans `code/mobile/src/views/dashboard/DashboardPage.tsx`; fichiers proches: `code/scripts/seed_kyc_compliance_visual_demo.py`, `code/mobile/src/views/dashboard/DashboardPage.tsx`, `CHANGELOG.md`",37,,,,,,,,,Utiliser les commits candidats pour dater le jalon; validation manuelle recommandée.
19,Story 3.2: Utility Bill Upload & GLM-OCR Extraction (ENEO/CAMWATER),https://github.com/Ken-Andre/bicec-veripass/issues/19,Story,"mobile, address",,M3 - AI Engine Complete,"Story 3.2: Utility Bill Upload & GLM-OCR Extraction (ENEO/CAMWATER): Image uploaded to POST /kyc/capture/utility_bill {utility_type: ENEO|CAMWATER}; API queues a Celery task for GLM-OCR extraction (bill date, agency name)",Terminé probable,haute,"`utility_bill` dans `code/mobile/src/views/kyc/BillUploadScreen.tsx`; `kyc_sessions` dans `code/scripts/seed_kyc_compliance_visual_demo.py`; fichiers proches: `CHANGELOG.md`, `code/mobile/src/views/kyc/BillUploadScreen.tsx`, `code/scripts/seed_kyc_compliance_visual_demo.py`",23,f439367cf464,2026-03-13,fix: address code review feedback from PR #194,"haute: référence issue #19, address",68b8a083be16,2026-03-21,feat(db): add ADDRESS/AML/DWH Alembic migrations (#193 #136 #148),"haute: référence issue #19, address",Utiliser les commits candidats pour dater le jalon; validation manuelle recommandée.
18,Story 3.1: Address Entry with Progressive Cascade Dropdowns + Optional GPS,https://github.com/Ken-Andre/bicec-veripass/issues/18,Story,"mobile, address",,M3 - AI Engine Complete,Story 3.1: Address Entry with Progressive Cascade Dropdowns + Optional GPS: Commune dropdown is populated based on selected Ville; Selecting a Commune populates the Quartier dropdown,Partiellement terminé,faible,"`kyc_session` dans `code/scripts/seed_kyc_compliance_visual_demo.py`; fichiers proches: `code/scripts/seed_kyc_compliance_visual_demo.py`, `CHANGELOG.md`, `docs/BICEC-VERIPASS-VUE-ENSEMBLE.md`",18,2f61209b2a55,2026-03-20,"[INFRA] Setup Frontend Monitoring and Backend Security (#182, #174)",haute: référence issue #18,c192475c330d,2026-03-20,"feat(backend): Pagination globale des endpoints liste (#181) - Ajout de app/core/pagination.py : helper universel PageParams, PageResponse, paginate() - GET /backoffice/queue : dossiers KYC PENDING/SUBMITTED paginés (priorité + date) - GET /backoffice/audit-logs : logs d'audit paginés (plus récent d'abord) - GET /admin/users : liste utilisateurs paginée (plus récent d'abord) - Réponse unifiée : {items, total, page, pages, limit} sur tous les endpoints - Fix SQLAlchemy mapper init via import app.db.base dans les nouveaux routers - Testé en live sur le serveur Docker (200 OK sur les 3 endpoints)",haute: référence issue #18,Planifier le reste à faire ou expliciter le périmètre réellement livré.
17,Story 2.5: Session Resumption After Network Loss (Service Worker + IndexedDB),https://github.com/Ken-Andre/bicec-veripass/issues/17,Story,mobile,,M2 - Capture MVP,"Story 2.5: Session Resumption After Network Loss (Service Worker + IndexedDB): App displays ""Reprise de votre session... Nous avons sauvegardé votre progression."" within <2 seconds; PWA resumes at the last incomplete step",Partiellement terminé,moyenne,"fichiers proches: `CHANGELOG.md`, `docs/progress-tracker-M0-M1.md`, `code/backend/tests/test_kyc_auth_and_atms.py`",12,2f61209b2a55,2026-03-20,"[INFRA] Setup Frontend Monitoring and Backend Security (#182, #174)",haute: référence issue #17,85f58375b7f6,2026-03-20,"[AUTH-01][CAPTURE-08][ADMIN-02] Mobile: SMS OTP via Celery with Email fallback & Security: SHA-256 integrity utility and Input Validation (#47, #62, #175)",haute: référence issue #17,Planifier le reste à faire ou expliciter le périmètre réellement livré.
16,Story 2.4: OCR Extraction Review Screen (confidence badges + manual correction),https://github.com/Ken-Andre/bicec-veripass/issues/16,Story,mobile,,M2 - Capture MVP,"Story 2.4: OCR Extraction Review Screen (confidence badges + manual correction): All extracted fields displayed with confidence badges: green (≥85%), orange (60–84%), red (<60%); Fields: Nom, Prénom, Date de Naissance, Numéro CNI, Date de Délivrance, Lieu",Terminé probable,haute,"`human_corrected=true` dans `code/backend/app/modules/kyc/router.py`; `ocr_fields` dans `code/backoffice/src/pages/validation/EvidenceViewerPage.tsx`; `/kyc/ocr/confirm` dans `code/mobile/src/views/kyc/OcrReviewScreen.tsx`; fichiers proches: `code/backoffice/src/pages/validation/EvidenceViewerPage.tsx`, `code/mobile/src/views/kyc/OcrReviewScreen.tsx`, `CHANGELOG.md`",39,,,,,,,,,Utiliser les commits candidats pour dater le jalon; validation manuelle recommandée.
15,Story 2.3: Liveness Selfie with 3-Strike Lockout,https://github.com/Ken-Andre/bicec-veripass/issues/15,Story,"mobile, security",,M2 - Capture MVP,Story 2.3: Liveness Selfie with 3-Strike Lockout: MediaPipe WASM provides real-time landmark detection feedback; Video/frame uploaded to POST /kyc/capture/liveness,Terminé probable,moyenne,"`lockout_count_24h` dans `code/mobile/src/types/index.ts`; `/kyc/capture/liveness` dans `code/backend/tests/test_kyc_router.py`; `Story 2.3` dans `docs/progress-tracker-M0-M1.md`; fichiers proches: `CHANGELOG.md`, `code/mobile/src/types/index.ts`, `code/backend/tests/test_kyc_router.py`",27,,,,,,,,,Utiliser les commits candidats pour dater le jalon; validation manuelle recommandée.
14,Story 2.2: CNI Verso Capture,https://github.com/Ken-Andre/bicec-veripass/issues/14,Story,mobile,,M2 - Capture MVP,"Story 2.2: CNI Verso Capture: Same MediaPipe WASM quality gate applies (>15 FPS, blur/glare detection); Image uploaded to POST /kyc/capture/cni {side: VERSO}",Terminé probable,haute,"`documents` dans `paddleocr_test/test_api_connection.py`; `/kyc/capture/cni` dans `code/scripts/run_kyc_happy_path_acceptance.py`; `session_id` dans `code/scripts/seed_kyc_compliance_visual_demo.py`; fichiers proches: `code/scripts/seed_kyc_compliance_visual_demo.py`, `paddleocr_test/test_api_connection.py`, `CHANGELOG.md`",34,68b8a083be16,2026-03-21,feat(db): add ADDRESS/AML/DWH Alembic migrations (#193 #136 #148),haute: référence issue #14,68b8a083be16,2026-03-21,feat(db): add ADDRESS/AML/DWH Alembic migrations (#193 #136 #148),haute: référence issue #14,Utiliser les commits candidats pour dater le jalon; validation manuelle recommandée.
13,Story 2.1: CNI Recto Capture with Client-Side Quality Gate (MediaPipe WASM),https://github.com/Ken-Andre/bicec-veripass/issues/13,Story,"mobile, ai-engine",,M2 - Capture MVP,"Story 2.1: CNI Recto Capture with Client-Side Quality Gate (MediaPipe WASM): PWA uses MediaPipe WASM to assess frame quality at >15 FPS; Visual guidance indicators displayed: blur, glare, alignment rectangle overlay",Terminé probable,haute,"`documents` dans `paddleocr_test/test_api_connection.py`; `/kyc/capture/cni` dans `code/scripts/run_kyc_happy_path_acceptance.py`; `session_id` dans `code/scripts/seed_kyc_compliance_visual_demo.py`; fichiers proches: `code/scripts/run_kyc_happy_path_acceptance.py`, `code/scripts/seed_kyc_compliance_visual_demo.py`, `CHANGELOG.md`",32,68b8a083be16,2026-03-21,feat(db): add ADDRESS/AML/DWH Alembic migrations (#193 #136 #148),haute: référence issue #13,68b8a083be16,2026-03-21,feat(db): add ADDRESS/AML/DWH Alembic migrations (#193 #136 #148),haute: référence issue #13,Utiliser les commits candidats pour dater le jalon; validation manuelle recommandée.
8,🏦 Epic 8: Client Relationship & Banking Discovery (Frontend-Only),https://github.com/Ken-Andre/bicec-veripass/issues/8,Epic,"backend, frontend, demo, address",critical,M6 - Analytics & Demo,🏦 Epic 8: Client Relationship & Banking Discovery (Frontend-Only): [ ] Story 8.1 — Plan Personalization Screen (Standard / Premium / Ultra swipeable tabs); [ ] Story 8.2 — Use-Case Personalization Selection (Everyday / Global / Investments chips),Partiellement terminé,faible,"`access_level` dans `code/scripts/seed_kyc_compliance_visual_demo.py`; fichiers proches: `code/scripts/seed_kyc_compliance_visual_demo.py`, `CHANGELOG.md`, `docs/Fonctionnalité_Interaction_Erreurs.md`",19,2da10ef91dfa,2026-03-03,29:57 Geo-stategy #8: The trap,haute: référence issue #8,2da10ef91dfa,2026-03-03,29:57 Geo-stategy #8: The trap,haute: référence issue #8,Planifier le reste à faire ou expliciter le périmètre réellement livré.
7,"📊 Epic 7: Sylvie's Command Center, Audit & Compliance Export",https://github.com/Ken-Andre/bicec-veripass/issues/7,Epic,"analytics, address",,M6 - Analytics & Demo,"📊 Epic 7: Sylvie's Command Center, Audit & Compliance Export: [ ] Story 7.1 — SLA & Operational Health Dashboard (R/Y/G color-coded tiles, auto-refresh every 30s); [ ] Story 7.2 — Funnel Drop-Off Analytics (step-by-step conversion rates + time-to-completion histograms)",Partiellement terminé,faible,"fichiers proches: `CHANGELOG.md`, `docs/AUDIT-REPORT-2026-03-19.md`, `docs/BICEC-VERIPASS-VUE-ENSEMBLE.md`",11,,,,,,,,,Planifier le reste à faire ou expliciter le périmètre réellement livré.
6,⚖️ Epic 6: Thomas's AML/CFT Compliance & Administration,https://github.com/Ken-Andre/bicec-veripass/issues/6,Epic,"infrastructure, aml, address",,M5 - Full KYC Flow,⚖️ Epic 6: Thomas's AML/CFT Compliance & Administration: [ ] Story 6.1 — PEP/Sanctions List Seeding & Weekly Cron Sync (UN/EU/OFAC via OpenSanctions); [ ] Story 6.2 — AML Alert Review & PEP Screening (fuzzy match + justification workflow),Terminé probable,moyenne,"`pg_trgm` dans `code/backend/alembic/versions/012_aml.py`; `audit_logs` dans `code/backend/tests/test_rbac.py`; fichiers proches: `CHANGELOG.md`, `code/backend/alembic/versions/012_aml.py`, `code/backend/tests/test_rbac.py`",24,85f58375b7f6,2026-03-20,"[AUTH-01][CAPTURE-08][ADMIN-02] Mobile: SMS OTP via Celery with Email fallback & Security: SHA-256 integrity utility and Input Validation (#47, #62, #175)",haute: référence issue #6,85f58375b7f6,2026-03-20,"[AUTH-01][CAPTURE-08][ADMIN-02] Mobile: SMS OTP via Celery with Email fallback & Security: SHA-256 integrity utility and Input Validation (#47, #62, #175)",haute: référence issue #6,Utiliser les commits candidats pour dater le jalon; validation manuelle recommandée.
5,🔍 Epic 5: Jean's KYC Validation Desk,https://github.com/Ken-Andre/bicec-veripass/issues/5,Epic,address,,M5 - Full KYC Flow,"🔍 Epic 5: Jean's KYC Validation Desk: [ ] Story 5.1 — Jean's Prioritized Dossier Queue (FIFO + confidence score + SLA escalation flags); [ ] Story 5.2 — Side-by-Side Evidence Inspector ""Zoom + Compare"" (Hi-res images + OCR fields + face match panel)",Terminé probable,haute,"`audit_logs` dans `code/backend/tests/test_rbac.py`; fichiers proches: `code/backend/tests/test_rbac.py`, `CHANGELOG.md`, `docs/schema/ddl-complete.sql`",15,34e4f24a0e00,2026-03-20,feat: add Redis integration with OTP support and rate limiting (#54),haute: référence issue #5,18464108c346,2026-03-20,feat(auth): add email OTP endpoints for dual authentication - Issue #50 AUTH-04,haute: référence issue #5,Utiliser les commits candidats pour dater le jalon; validation manuelle recommandée.
4,"🧠 Epic 4: Sovereign AI Engine — OCR, Biometrics & Dossier Scoring",https://github.com/Ken-Andre/bicec-veripass/issues/4,Epic,"backend, address",,M5 - Full KYC Flow,"🧠 Epic 4: Sovereign AI Engine — OCR, Biometrics & Dossier Scoring: [ ] Story 4.1 — PaddleOCR PP-OCRv5 Primary CNI Extraction Service (<5s, CPU-only); [ ] Story 4.2 — GLM-OCR 0.9B Fallback via Celery + Bill Semantic Extraction (10-30s async)",Terminé probable,moyenne,"`pg_trgm` dans `code/backend/alembic/versions/012_aml.py`; `glm_ocr_jobs` dans `code/test_celery.py`; `biometric_results` dans `code/backend/alembic/versions/d6e8c2e05497_initial_schema.py`; fichiers proches: `CHANGELOG.md`, `code/backend/alembic/versions/012_aml.py`, `code/test_celery.py`",32,85f58375b7f6,2026-03-20,"[AUTH-01][CAPTURE-08][ADMIN-02] Mobile: SMS OTP via Celery with Email fallback & Security: SHA-256 integrity utility and Input Validation (#47, #62, #175)","haute: référence issue #4, fallback, celery",85f58375b7f6,2026-03-20,"[AUTH-01][CAPTURE-08][ADMIN-02] Mobile: SMS OTP via Celery with Email fallback & Security: SHA-256 integrity utility and Input Validation (#47, #62, #175)","haute: référence issue #4, fallback, celery",Utiliser les commits candidats pour dater le jalon; validation manuelle recommandée.
3,"📍 Epic 3: Address, NIU, Utility Bill & Legal Consent",https://github.com/Ken-Andre/bicec-veripass/issues/3,Epic,address,,M5 - Full KYC Flow,"📍 Epic 3: Address, NIU, Utility Bill & Legal Consent: [ ] Story 3.1 — Address Entry with Progressive Cascade Dropdowns (Ville → Commune → Quartier → Lieu-dit) + optional GPS; [ ] Story 3.2 — Utility Bill Upload & GLM-OCR Extraction (ENEO/CAMWATER toggle)",Terminé probable,haute,"`access_level` dans `code/scripts/seed_kyc_compliance_visual_demo.py`; `audit_logs` dans `code/backend/tests/test_rbac.py`; fichiers proches: `CHANGELOG.md`, `code/scripts/seed_kyc_compliance_visual_demo.py`, `code/backend/tests/test_rbac.py`",25,d27ed5ff2b9a,2026-04-13,Merge pull request #322 from Ken-Andre/CI-node-patch-1,haute: référence issue #3,de7897f62788,2026-05-23,Merge pull request #321 from Ken-Andre/develop,haute: référence issue #3,Utiliser les commits candidats pour dater le jalon; validation manuelle recommandée.
2,📱 Epic 2: Marie's Resilient KYC Capture Journey,https://github.com/Ken-Andre/bicec-veripass/issues/2,Epic,"mobile, address",,M2 - Capture MVP,📱 Epic 2: Marie's Resilient KYC Capture Journey: [ ] Story 2.1 — CNI Recto Capture with Client-Side Quality Gate (MediaPipe WASM); [ ] Story 2.2 — CNI Verso Capture,Partiellement terminé,moyenne,"fichiers proches: `CHANGELOG.md`, `docs/progress-tracker-M0-M1.md`, `docs/articles/guide-complet-ocr-systeme-production-cni-cameroun.md`",17,,,,,,,,,Planifier le reste à faire ou expliciter le périmètre réellement livré.
